"","tract","zip","cty","tot_pop","age_above65","age_below18","white","black","asian","hispanic","edu_highschool","edu_bachelor","edu_graduate","income_0to10k","income_10to50k","income_50to100k","income_100to200k","income_200k","occupation_management","occ_svc","occupation_sales","occupation_naturalresource","occupation_production","median_age","income_median","income_per_capita","census_response_rate2020","census_response_rate2010","nbanks_zip","pct_anymembershp_zip","census","neighborhood","object_id"
"1","24510110200",21201,24510,5547,0.118622678925545,0.025238867856499,0.617991707229133,0.233639805300162,0.0755363259419506,0.0728321615287543,0.10798626019751,0.696436238729068,0.421854873336196,0.111617923262678,0.451301314730346,0.275556748054736,0.112154547893748,0.0493694660584921,0.768855127509495,0.121269669017906,0.0911557243624525,0.0124796527400977,0.00623982637004883,35.6000360555255,43601.1719881943,41524.4244700832,0.526,0.64,14,0.515982031822205,"110200","Midtown",103
"2","24510170100",21201,24510,1594,0.0903387703889586,0.119196988707654,0.284818067754078,0.659347553324969,0.00878293601003764,0.0194479297365119,0.193522906793049,0.337282780410742,0.166666666666667,0.214430894308943,0.523373983739837,0.208333333333333,0.0457317073170732,0.00813008130081301,0.407142857142857,0.232142857142857,0.297619047619048,0.0107142857142857,0.0523809523809524,39.3702007528231,28613.5609756098,24308.5396341463,0.565,0.63,14,0.515982031822205,"170100","Downtown/Seton Hill",126
"3","24510040200",21201,24510,835,0.0203592814371257,0.0275449101796407,0.474251497005988,0.332934131736527,0.135329341317365,0.0526946107784431,0.0687830687830688,0.796296296296296,0.333333333333333,0.181467181467181,0.285714285714286,0.413127413127413,0.0888030888030888,0.0308880308880309,0.623376623376623,0.184415584415584,0.174025974025974,0,0.0181818181818182,24.4,52361,20935,0.401,0.57,14,0.515982031822205,"040200","Downtown/Seton Hill",23
"4","24510170200",21201,24510,3001,0.102299233588804,0.285238253915362,0.0683105631456181,0.891369543485505,0.0193268910363212,0.00199933355548151,0.325998841922409,0.119281991893457,0.060799073537927,0.403641881638847,0.484066767830046,0.0872534142640364,0.0250379362670713,0,0.244005641748942,0.404795486600846,0.23836389280677,0,0.112834978843441,29.5394535154948,13803.6009104704,10825.4992412747,0.502,0.62,14,0.515982031822205,"170200","Upton/Druid Heights",131
"5","24510170300",21201,24510,1827,0.141215106732348,0.22495894909688,0.0120415982484948,0.95511767925561,0.0229885057471264,0.00437876299945265,0.273275862068966,0.187931034482759,0.0905172413793103,0.212877792378449,0.466491458607096,0.23784494086728,0.0565045992115637,0.026281208935611,0.398591549295775,0.157746478873239,0.277464788732394,0.0211267605633803,0.145070422535211,36.6285714285714,31404.9894875164,18977.9434954008,0.491,0.69,14,0.515982031822205,"170300","Upton/Druid Heights",134
"6","24510040100",21201,24510,3868,0.0261116856256463,0.0411065149948294,0.548862461220269,0.14865563598759,0.203205791106515,0.0744570837642192,0.0928030303030303,0.786300505050505,0.424873737373737,0.161956034096007,0.274113952445043,0.376401973979363,0.134140870345446,0.0533871691341409,0.792098962490024,0.0638467677573823,0.129688747007183,0,0.014365522745411,28.5595398138573,55258.269179004,42436.4522207268,0.519,0.68,14,0.515982031822205,"040100","Downtown/Seton Hill",20
"7","24510090900",21202,24510,2673,0.110736999625889,0.312757201646091,0.0366629255518144,0.953984287317621,0,0.060231949120838,0.462882096069869,0.0548970679975047,0.0187149095446039,0.154320987654321,0.576131687242798,0.208847736625514,0.0606995884773663,0,0.202115158636898,0.352526439482961,0.171562867215041,0.0164512338425382,0.257344300822562,32.286531986532,20434.4135802469,14005.2572016461,0.407,0.63,11,0.473399996757507,"090900","Oliver/Johnson Square",106
"8","24510100100",21202,24510,2275,0.121318681318681,0.253186813186813,0.0193406593406593,0.977582417582418,0.00263736263736264,0,0.47171052631579,0.0723684210526316,0.00789473684210526,0.292626728110599,0.506912442396313,0.16705069124424,0.0334101382488479,0,0.179824561403509,0.431286549707602,0.242690058479532,0.0482456140350877,0.097953216374269,36.3693186813187,22793.698156682,11606.3732718894,0.495,0.68,11,0.473399996757507,"100100","Oliver/Johnson Square",44
"9","24510110100",21202,24510,3315,0.0615384615384615,0.0159879336349925,0.649773755656109,0.18552036199095,0.102564102564103,0.0479638009049774,0.0571888844140153,0.623842126459928,0.36045106725735,0.0907205806117159,0.417833074131674,0.350959046137895,0.120787973043027,0.0196993260756869,0.621515508441304,0.130349430702788,0.194738908519827,0,0.0533961523360817,29.0579788838612,46286.6054950752,35162.4556765163,0.62,0.72,11,0.473399996757507,"110100","Midtown",99
"10","24510100300",21202,24510,4696,0.0055366269165247,0.00234241908006814,0.157793867120954,0.796422487223169,0.00617546848381601,0.0434412265758092,0.388293248333816,0.017676035931614,0.00202839756592292,NA,NA,NA,NA,NA,NA,NA,NA,NA,NA,31.1,NA,NA,NA,NA,11,0.473399996757507,"100300","Unassigned -- Jail",95
"11","24510100200",21202,24510,2733,0.124405415294548,0.241492864983535,0.0208562019758507,0.97511891694109,0,0.00402488108305891,0.354938271604938,0.0635802469135802,0.012962962962963,0.422421524663677,0.330044843049327,0.238565022421525,0.00896860986547085,0,0.259408602150538,0.393817204301075,0.185483870967742,0,0.161290322580645,31.0905598243688,19610.3551569507,13241.869955157,0.593,0.66,11,0.473399996757507,"100200","Oldtown/Middle East",91
"12","24510030200",21202,24510,2247,0.0827770360480641,0.151757899421451,0.552291944815309,0.330218068535826,0.093902981753449,0.0685358255451713,0.207734806629834,0.57292817679558,0.298342541436464,0.136986301369863,0.256849315068493,0.176369863013699,0.324486301369863,0.105308219178082,0.708643815201192,0.11698956780924,0.142324888226528,0,0.0320417287630402,39.016955941255,73213.7260273973,56147.7979452055,0.49,0.63,11,0.473399996757507,"030200","Harbor East/Little Italy",19
"13","24510120500",21202,24510,2325,0.0658064516129032,0.16258064516129,0.314838709677419,0.596989247311828,0.036989247311828,0.0331182795698925,0.228091236494598,0.433373349339736,0.227490996398559,0.17741935483871,0.391129032258065,0.292338709677419,0.0776209677419355,0.061491935483871,0.463011314186249,0.249782419495213,0.134029590948651,0.0365535248041775,0.116623150565709,31.5625806451613,35901.2429435484,32162.0745967742,0.505,0.57,11,0.473399996757507,"120500","Midtown",109
"14","24510280500",21203,24510,2324,0.103270223752151,0.233648881239243,0.103270223752151,0.872203098106713,0.0167814113597246,0.00645438898450947,0.407809110629067,0.10412147505423,0.00723065798987708,0.379450661241099,0.493387589013225,0.0915564598168871,0.0356052899287894,0,0.22972972972973,0.268339768339768,0.322393822393822,0.1003861003861,0.0791505791505791,34.1013769363167,9963,10125.8382502543,0.562,NA,NA,NA,"280500","Oldtown/Middle East",150
"15","24510070400",21205,24510,1343,0.125837676842889,0.214445271779598,0.0662695457930007,0.848845867460908,0.0848845867460908,0.0111690245718541,0.284103720405862,0.246899661781285,0.139797068771139,0.314984709480122,0.558103975535168,0.0902140672782875,0.036697247706422,0,0.380841121495327,0.217289719626168,0.210280373831776,0.119158878504673,0.0724299065420561,33.3442293373045,17241.3899082569,14752.998470948,0.553,0.67,3,0.444261014461517,"070400","Oldtown/Middle East",32
"16","24510260401",21205,24510,3473,0.0964583933198963,0.308378923121221,0.695652173913043,0.10164123236395,0.0132450331125828,0.276418082349554,0.337267362687245,0.0689968225147526,0.0240581025873808,0.137451737451737,0.631660231660232,0.193822393822394,0.0216216216216216,0.0154440154440154,0.161819537658464,0.21923937360179,0.251304996271439,0.101416853094705,0.266219239373602,33.9560610423265,32636.4115830116,15240.9498069498,0.583,0.7,3,0.444261014461517,"260401","Orchard Ridge/Armistead",168
"17","24510070100",21205,24510,3180,0.0650943396226415,0.327987421383648,0.0613207547169811,0.889308176100629,0,0.120440251572327,0.409142857142857,0.0497142857142857,0.000571428571428571,0.140897755610973,0.491271820448878,0.250623441396509,0.110972568578554,0.00623441396508728,0.144283121597096,0.438294010889292,0.166969147005445,0.0680580762250454,0.182395644283122,27.6383018867925,37114.6708229426,13539.108478803,0.438,0.6,3,0.444261014461517,"070100","Madison/East End",27
"18","24510070200",21205,24510,3023,0.0641746609328482,0.281839232550447,0.0102547138604036,0.951703605689712,0.00231558054912339,0.0648362553754548,0.383382789317507,0.0795252225519288,0.0373887240356083,0.163405088062622,0.605675146771037,0.14187866927593,0.089041095890411,0,0.276502732240437,0.383606557377049,0.198907103825137,0.033879781420765,0.107103825136612,28.38680119087,24936.6399217221,14661.1017612524,0.423,0.61,3,0.444261014461517,"070200","Madison/East End",28
"19","24510070300",21205,24510,793,0.0920554854981084,0.313997477931904,0.12484237074401,0.87515762925599,0,0.0996216897856242,0.38961038961039,0.136363636363636,0.0692640692640693,0.173913043478261,0.684782608695652,0.0688405797101449,0.0434782608695652,0.0289855072463768,0.307392996108949,0.249027237354086,0.334630350194553,0,0.108949416342412,35.966078184111,13552.9891304348,13833.4239130435,0.467,0.58,3,0.444261014461517,"070300","Madison/East End",31
"20","24510260101",21206,24510,4811,0.118478486801081,0.196840573685304,0.30617335273332,0.643940968613594,0.0176678445229682,0.0546663895240075,0.342075578116187,0.228426395939086,0.108009024252679,0.113079729025534,0.463783220427306,0.247003647733194,0.165711307972903,0.0104220948410631,0.400342906129447,0.18302614659237,0.244320617231033,0.0390055722246035,0.133304757822546,40.3502806069424,51844.8520062533,25598.0093798854,0.632,0.73,6,0.448698997497559,"260101","Cedonia/Frankford",38
"21","24510270102",21206,24510,3764,0.111317747077577,0.218119022316684,0.251062699256111,0.640276301806589,0.0114240170031881,0.0100956429330499,0.311362717347351,0.249898908208653,0.0982612211888395,0.0571210967250571,0.281797410510282,0.458492003046458,0.184310738766184,0.0182787509520183,0.368478857770456,0.199890170236134,0.263591433278418,0.0450302031850632,0.123009335529929,38.9559245483528,65077.3076923077,26610.1957349581,0.637,0.77,6,0.448698997497559,"270102","Greater Lauraville",41
"22","24510260202",21206,24510,5361,0.0650997948144003,0.250139899272524,0.104458123484425,0.757507927625443,0.124044021637754,0.00671516508114158,0.410263680181457,0.10150269350723,0.0493337113694358,0.105332167832168,0.541520979020979,0.309440559440559,0.0388986013986014,0.00480769230769231,0.288244159758855,0.256593820648078,0.283345892991711,0.0369253956292389,0.134890730972118,36.0490207050923,38406.9816433566,19923.5882867133,0.561,0.68,6,0.448698997497559,"260202","Cedonia/Frankford",153
"23","24510260203",21206,24510,2838,0.0796335447498238,0.279422128259338,0.0606060606060606,0.919661733615222,0.00951374207188161,0.00387596899224806,0.466219988833054,0.120044667783361,0.0251256281407035,0.086073500967118,0.500967117988395,0.306576402321083,0.100580270793037,0.0058027079303675,0.2217125382263,0.211009174311927,0.299694189602446,0.0542813455657492,0.213302752293578,34.7549330514447,38042.6344294004,20791.7408123791,0.655,0.64,6,0.448698997497559,"260203","Cedonia/Frankford",156
"24","24510260102",21206,24510,4869,0.111111111111111,0.248921749845964,0.0994043951530088,0.868556171698501,0.0129390018484288,0.0324501951119326,0.352134146341463,0.1875,0.0707317073170732,0.0856164383561644,0.426369863013699,0.340753424657534,0.127853881278539,0.0194063926940639,0.295190713101161,0.322553897180763,0.270729684908789,0.0265339966832504,0.0849917081260365,38.6263503799548,51338.6678082192,23023.6575342466,0.676,0.79,6,0.448698997497559,"260102","Cedonia/Frankford",39
"25","24510260201",21206,24510,5308,0.081386586284853,0.184250188394876,0.123210248681236,0.806330067822155,0.0286360211002261,0.0325923134890731,0.364069952305246,0.235824059353471,0.0731319554848967,0.15897212543554,0.50479094076655,0.25479094076655,0.0814459930313589,0,0.271718331419824,0.205893608878683,0.307692307692308,0.0956754688097972,0.119020283199388,36.3049547852298,30739.9708188153,19365.1032229965,0.564,0.65,6,0.448698997497559,"260201","Cedonia/Frankford",42
"26","24510270401",21206,24510,6224,0.0570372750642674,0.285668380462725,0.190713367609255,0.76237146529563,0.00546272493573265,0.0181555269922879,0.358394716789434,0.252730505461011,0.0833121666243332,0.0850111856823266,0.348545861297539,0.420134228187919,0.131543624161074,0.0147651006711409,0.33237639553429,0.195534290271132,0.279744816586922,0.081658692185008,0.110685805422648,35.9616966580977,53957.737360179,25863.4451901566,0.633,0.75,6,0.448698997497559,"270401","Hamilton",57
"27","24510270502",21206,24510,4151,0.0804625391471935,0.232474102625873,0.388099253192002,0.571428571428571,0.0108407612623464,0.00650445675740785,0.301658604008293,0.32930200414651,0.128887353144437,0.0863918690005647,0.376058723884811,0.293619424054207,0.213438735177866,0.0304912478825522,0.437830687830688,0.198853615520282,0.220017636684303,0.0551146384479718,0.0881834215167548,38.3287641532161,54777.4601919819,35351.0101637493,0.674,0.76,6,0.448698997497559,"270502","Hamilton",61
"28","24510260402",21206,24510,2792,0.0995702005730659,0.257521489971347,0.0408309455587393,0.930157593123209,0,0,0.352354570637119,0.195013850415512,0.0626038781163435,0.134564643799472,0.522427440633245,0.253298153034301,0.0897097625329815,0,0.342042755344418,0.212193190815519,0.21298495645289,0.0498812351543943,0.182897862232779,36.7593481375358,36124.2489006157,18694.8856640281,0.589,0.58,6,0.448698997497559,"260402","Orchard Ridge/Armistead",75
"29","24510260403",21206,24510,1743,0.0458978772231784,0.275387263339071,0.0705679862306368,0.911072862880092,0,0,0.400980392156863,0.217647058823529,0.111764705882353,0.0397805212620027,0.679012345679012,0.157750342935528,0.123456790123457,0,0.197167755991285,0.227668845315904,0.290849673202614,0.0174291938997821,0.266884531590414,29.0932300631096,30730.0740740741,19702.6666666667,0.588,0.7,6,0.448698997497559,"260403","Orchard Ridge/Armistead",71
"30","24510280102",21207,24510,6128,0.222584856396867,0.175261096605744,0.0336161879895561,0.955124020887728,0,0.00962793733681462,0.301941530908279,0.231867886632448,0.0591385851372462,0.134927412467976,0.423569598633646,0.351836037574722,0.0636208368915457,0.0260461144321093,0.246806569343066,0.238594890510949,0.323905109489051,0.106295620437956,0.0843978102189781,52.3499836814621,42179.3373185312,22999.2771135781,0.608,0.66,2,0.515825986862183,"280102","Howard Park/West Arlington",12
"31","24510280200",21207,24510,4668,0.192587832047986,0.154241645244216,0.0400599828620394,0.920308483290488,0.00407026563838903,0.00664095972579263,0.259544008483563,0.244697773064687,0.0941145281018028,0.103641456582633,0.309243697478992,0.338935574229692,0.235294117647059,0.0128851540616246,0.326480665687714,0.240332843857073,0.1786588350465,0.120411160058737,0.134116495349976,49.6396315338475,64539.2756302521,29242.1462184874,0.572,0.66,2,0.515825986862183,"280200","Howard Park/West Arlington",15
"32","24510280301",21207,24510,3563,0.0870053325849004,0.229581813078866,0.0732528767892226,0.812798203760876,0.0193657030592198,0.0179623912433343,0.283010933557611,0.275441547518923,0.0992430613961312,0.191706730769231,0.448317307692308,0.250600961538462,0.0931490384615385,0.0162259615384615,0.385111371629543,0.272567409144197,0.213364595545135,0.0369284876905041,0.0920281359906213,31.6412293011507,41332.4032451923,22954.0318509615,0.489,0.64,2,0.515825986862183,"280301","Dickeyville/Franklintown",64
"33","24510271501",21209,24510,4119,0.138625880067978,0.253216800194222,0.790968681718864,0.125515901917941,0.0594804564214615,0.0424860403010439,0.0715725806451613,0.77116935483871,0.464045698924731,0.0520656479909451,0.228070175438596,0.246179966044143,0.314091680814941,0.159592529711375,0.749462827675118,0.0678985818650623,0.129780833691448,0.0322303394929093,0.020627417275462,39.7406166545278,100325.297113752,54795.6728919072,0.807,0.81,5,0.513087034225464,"271501","Mount Washington/Coldspring",112
"34","24510272004",21209,24510,4235,0.18961038961039,0.222904368358914,0.680047225501771,0.178984651711924,0.13482880755608,0.0136953955135773,0.256834532374101,0.519424460431655,0.278057553956835,0.068542199488491,0.49462915601023,0.2153452685422,0.158056265984655,0.0634271099744246,0.483643683945647,0.176144942123805,0.280825364871666,0.00553598389531958,0.0538500251635632,40.8790318772137,43137.8388746803,36205.1636828645,0.717,NA,5,0.513087034225464,"272004","Cross-Country/Cheswolde",146
"35","24510130805",21209,24510,879,0.313993174061433,0.101251422070535,0.113765642775882,0.886234357224118,0,0.00568828213879408,0.269798657718121,0.395973154362416,0.198657718120805,0.126929674099485,0.397941680960549,0.365351629502573,0.109777015437393,0,0.606382978723404,0.172872340425532,0.188829787234043,0.0159574468085106,0.0159574468085106,56.1,46932,35751,0.69,0.78,5,0.513087034225464,"130805","Mount Washington/Coldspring",94
"36","24510271400",21210,24510,3927,0.148714031066972,0.209320091673033,0.787878787878788,0.0646804176215941,0.097275273745862,0.0471097529921059,0.0789889415481833,0.822274881516588,0.600315955766193,0.0479405806887238,0.189061444969615,0.212018906144497,0.240378122889939,0.310600945307225,0.739153162571877,0.0554103502352326,0.153685311029796,0.0428646105593309,0.00888656560376372,38.164120193532,114816.506414585,70252.3517893315,0.766,0.8,5,0.52410101890564,"271400","Greater Roland Park/Poplar Hill",108
"37","24510271300",21210,24510,2877,0.16127911018422,0.205769899200556,0.818561001042753,0.0799443865137296,0.0695168578380257,0.0166840458811262,0.046455938697318,0.82183908045977,0.502394636015326,0.023489932885906,0.114093959731544,0.276006711409396,0.296140939597315,0.290268456375839,0.728643216080402,0.064070351758794,0.14070351758794,0.0376884422110553,0.028894472361809,42.1677789363921,122384.243288591,76880.1493288591,0.775,0.75,5,0.52410101890564,"271300","Greater Roland Park/Poplar Hill",101
"38","24510120100",21210,24510,4531,0.218053409843302,0.0741558154932686,0.654601633193555,0.100419333480468,0.164864268373427,0.0364158022511587,0.105588317888234,0.7722549845549,0.537489469250211,0.0857963875205255,0.329638752052545,0.254105090311987,0.197454844006568,0.133004926108374,0.82129115006413,0.0645575032064985,0.0884993587002993,0.0128259940145361,0.0128259940145361,40.8227984992275,67605.4523809524,62818.8140394089,0.677,0.76,5,0.52410101890564,"120100","North Baltimore/Guilford/Homeland",105
"39","24510271503",21210,24510,922,0.426247288503254,0.06941431670282,0.922993492407809,0.0412147505422994,0.0195227765726681,0.0227765726681128,0.0344827586206897,0.795481569560048,0.523186682520809,0.031104199066874,0.290824261275272,0.304821150855365,0.234836702954899,0.138413685847589,0.841628959276018,0.0158371040723982,0.131221719457014,0,0.0113122171945701,65.9,71339,73008,0.794,0.81,5,0.52410101890564,"271503","Greater Roland Park/Poplar Hill",166
"40","24510130806",21211,24510,1372,0.129008746355685,0.157434402332362,0.730320699708455,0.23469387755102,0.0087463556851312,0.0612244897959184,0.19185520361991,0.462443438914027,0.236199095022624,0.0190839694656489,0.259541984732824,0.360687022900763,0.265267175572519,0.0954198473282443,0.598870056497175,0.0988700564971751,0.145480225988701,0.0875706214689266,0.0692090395480226,41.3,79875,40348,0.605,0.54,5,0.42756599187851,"130806","Hampden/Remington",181
"41","24510130700",21211,24510,4922,0.189353921170256,0.130841121495327,0.828524989841528,0.0672490857375051,0.0595286468915075,0.0442909386428281,0.164175447194315,0.623376623376623,0.325165400637099,0.0365953947368421,0.399671052631579,0.269736842105263,0.276315789473684,0.0176809210526316,0.69213649851632,0.0853115727002967,0.167284866468843,0.0326409495548961,0.0226261127596439,42.0987200325071,61733.669819079,39425.7915296053,0.741,0.78,5,0.42756599187851,"130700","Hampden/Remington",80
"42","24510130600",21211,24510,3893,0.0590804007192397,0.126637554585153,0.840996660673003,0.0665296686360134,0.0595941433341896,0.0385306961212433,0.116661295520464,0.635514018691589,0.337737673219465,0.0455840455840456,0.27008547008547,0.364102564102564,0.280911680911681,0.0393162393162393,0.615014792899408,0.102440828402367,0.21301775147929,0.0355029585798817,0.0340236686390533,33.4137683020807,67657.4524216524,39761.2740740741,0.74,0.78,5,0.42756599187851,"130600","Hampden/Remington",78
"43","24510120700",21211,24510,2341,0.0721913712088851,0.146091413925673,0.608714224690303,0.236651003844511,0.122170012815036,0.0363092695429304,0.196256381168463,0.443562110039705,0.211003970504821,0.0391566265060241,0.431726907630522,0.270080321285141,0.259036144578313,0,0.515562649640862,0.176376695929769,0.174780526735834,0.0790103750997606,0.0542697525937749,36.7671507902606,58506.6676706827,29703.8654618474,0.644,0.63,5,0.42756599187851,"120700","Hampden/Remington",118
"44","24510130804",21211,24510,1854,0.0647249190938511,0.137001078748652,0.914778856526429,0.0679611650485437,0.0075512405609493,0.0280474649406688,0.196990424076607,0.485636114911081,0.236662106703146,0.0517241379310345,0.316091954022989,0.414942528735632,0.194252873563218,0.0229885057471264,0.523495465787304,0.131079967023908,0.212695795548228,0.0601813685078318,0.0725474031327288,32.7297734627832,59027.1724137931,36666.9977011494,0.746,0.79,5,0.42756599187851,"130804","Hampden/Remington",88
"45","24510130803",21211,24510,2594,0.113338473400154,0.174248265227448,0.736314572089437,0.0925212027756361,0.129915188897456,0.0370084811102544,0.257606490872211,0.439655172413793,0.209939148073022,0.0754257907542579,0.380373073803731,0.320356853203569,0.175182481751825,0.048661800486618,0.494976557267247,0.184862692565305,0.18821165438714,0.0314802411252512,0.100468854655057,38.2467232074017,54601.1451743715,35319.9902676399,0.752,0.73,5,0.42756599187851,"130803","Hampden/Remington",84
"46","24510271101",21212,24510,1925,0.130909090909091,0.167272727272727,0.506493506493506,0.387012987012987,0.081038961038961,0.0103896103896104,0.204513399153738,0.547249647390691,0.291960507757405,0.139689578713969,0.368070953436807,0.284922394678492,0.144124168514412,0.0631929046563193,0.68482905982906,0.094017094017094,0.146367521367521,0.00427350427350427,0.0705128205128205,40.6272727272727,47110.0332594235,36788.9667405765,0.636,0.76,7,0.498161017894745,"271101","North Baltimore/Guilford/Homeland",89
"47","24510270804",21212,24510,3148,0.0873570520965693,0.209021601016518,0.486340533672173,0.4787166454892,0.0276365946632783,0.0883100381194409,0.288382687927107,0.400455580865604,0.210478359908884,0.170153417015342,0.361924686192469,0.271966527196653,0.177126917712692,0.0188284518828452,0.396724775488642,0.282091917591125,0.211304807184363,0.0306391970417327,0.0792393026941363,37.2919949174079,39232.350069735,31669.8382147838,0.637,0.66,7,0.498161017894745,"270804","Chinquapin Park/Belvedere",163
"48","24510271200",21212,24510,6406,0.143459256946613,0.253356228535748,0.745551045894474,0.15079612862941,0.0323134561348736,0.0263815173275055,0.0883882149046794,0.744800693240901,0.460138648180243,0.03464499572284,0.160393498716852,0.239520958083832,0.238665526090676,0.3267750213858,0.677051202961135,0.10919185687847,0.18167797655768,0.0163479333744602,0.0157310302282542,43.881657820793,138711.347305389,66914.6539777588,0.836,0.84,7,0.498161017894745,"271200","North Baltimore/Guilford/Homeland",97
"49","24510271001",21212,24510,2387,0.0980310012568077,0.25303728529535,0.0217846669459573,0.955173858399665,0,0.00502723083368245,0.375580623755806,0.159920371599204,0.0504313205043132,0.138590203106332,0.456391875746714,0.308243727598566,0.0836320191158901,0.013142174432497,0.318363273453094,0.223552894211577,0.263473053892216,0.0419161676646707,0.152694610778443,34.8773355676582,43186.6356033453,18882.8709677419,0.527,0.69,7,0.498161017894745,"271001","Greater Govans",81
"50","24510271002",21212,24510,4125,0.144969696969697,0.231272727272727,0.0283636363636364,0.954666666666667,0,0.0193939393939394,0.350864288341302,0.147480691430673,0.0437660904744391,0.168770764119601,0.446511627906977,0.304983388704319,0.0551495016611296,0.0245847176079734,0.295888399412629,0.26431718061674,0.219530102790015,0.079295154185022,0.140969162995595,41.0277333333333,33844.5495016611,18578.750166113,0.543,0.7,7,0.498161017894745,"271002","Greater Govans",85
"51","24510270805",21212,24510,5299,0.124174372523118,0.261936214380072,0.095112285336856,0.834308360067937,0.023778071334214,0.0330250990752972,0.29296875,0.310546875,0.142578125,0.0987963891675025,0.397191574724172,0.318956870611836,0.149949849548646,0.0351053159478435,0.377613240418118,0.200348432055749,0.268728222996516,0.022212543554007,0.13109756097561,37.217663710134,51963.7081243731,26014.4694082247,0.645,0.78,7,0.498161017894745,"270805","Chinquapin Park/Belvedere",154
"52","24510260303",21213,24510,890,0.112359550561798,0.228089887640449,0.3,0.641573033707865,0,0.0696629213483146,0.401098901098901,0.0769230769230769,0.0347985347985348,0.297927461139896,0.455958549222798,0.106217616580311,0.139896373056995,0,0.0177304964539007,0.443262411347518,0.216312056737589,0.0602836879432624,0.26241134751773,34.6,18359,16605,0.549,0.67,1,0.432886004447937,"260303","Orchard Ridge/Armistead",165
"53","24510080302",21213,24510,2770,0.145848375451264,0.239350180505415,0.00288808664259928,0.944765342960289,0.00252707581227437,0.0231046931407942,0.375274725274725,0.141758241758242,0.0543956043956044,0.174030658250676,0.57258791704238,0.204688908926961,0.0324616771866546,0.0162308385933273,0.146408839779006,0.312154696132597,0.39963167587477,0.0948434622467772,0.0469613259668508,36.2002527075812,26994.2831379621,17272.2497745717,0.534,0.75,1,0.432886004447937,"080302","Clifton-Berea",55
"54","24510080600",21213,24510,2346,0.115515771526002,0.223358908780904,0.0443307757885763,0.947570332480818,0,0,0.430113977204559,0.116976604679064,0.023995200959808,0.210268948655257,0.480440097799511,0.226161369193154,0.0770171149144254,0.00611246943765281,0.31701030927835,0.338917525773196,0.109536082474227,0.00902061855670103,0.225515463917526,38.6192242114237,34334.3471882641,17639.6295843521,0.364,0.61,1,0.432886004447937,"080600","Oliver/Johnson Square",62
"55","24510080301",21213,24510,1600,0.1225,0.23625,0.011875,0.97375,0.006875,0,0.424695977549111,0.0374181478016838,0.0140318054256314,0.139130434782609,0.556521739130435,0.217391304347826,0.0747826086956522,0.0121739130434783,0.123239436619718,0.338028169014085,0.213028169014085,0.0933098591549296,0.232394366197183,42.55675,36132.8643478261,18752.1843478261,0.391,0.64,1,0.432886004447937,"080301","Clifton-Berea",116
"56","24510260302",21213,24510,6353,0.0923972926176609,0.262710530458051,0.0867306784196443,0.896899102786085,0,0.0242405162915158,0.437284800787014,0.169208066896212,0.0432857845548451,0.166808149405772,0.426994906621392,0.314091680814941,0.0857385398981324,0.00636672325976231,0.293159609120521,0.199162401116799,0.298278268962308,0.129362494183341,0.0800372266170312,37.1782937195026,28220.6078098472,18583.5526315789,0.626,0.74,1,0.432886004447937,"260302","Belair-Edison",162
"57","24510080102",21213,24510,2087,0.0622903689506469,0.28270244369909,0.0138955438428366,0.98083373263057,0.0052707235265932,0,0.45800933125972,0.0598755832037325,0.0046656298600311,0.105491329479769,0.586705202312139,0.247109826589595,0.0606936416184971,0,0.239902080783354,0.357405140758874,0.113831089351285,0.118727050183599,0.170134638922889,32.8051748921897,35422.5606936416,14958.4971098266,0.457,0.59,1,0.432886004447937,"080102","Belair-Edison",51
"58","24510080700",21213,24510,616,0.150974025974026,0.155844155844156,0.00487012987012987,0.993506493506494,0,0.00162337662337662,0.474654377880184,0.122119815668203,0.043778801843318,0.163346613545817,0.685258964143426,0.111553784860558,0.0398406374501992,0,0.202072538860104,0.378238341968912,0.295336787564767,0,0.124352331606218,44.0672077922078,24464.7171314741,15051.7051792829,0.321,0.67,1,0.432886004447937,"080700","Oliver/Johnson Square",130
"59","24510080500",21213,24510,1690,0.104733727810651,0.264497041420118,0.00473372781065089,0.970414201183432,0.0248520710059172,0,0.396764985727878,0.071360608943863,0.0256898192197907,0.156716417910448,0.602611940298508,0.162313432835821,0.0671641791044776,0.0111940298507463,0.129485179407176,0.27613104524181,0.204368174726989,0.0327613104524181,0.357254290171607,34.0716568047337,27896.1026119403,19413.5858208955,0.458,0.61,1,0.432886004447937,"080500","Clifton-Berea",59
"60","24510080200",21213,24510,1541,0.134328358208955,0.210253082414017,0.045425048669695,0.954574951330305,0,0,0.340807174887892,0.0690582959641256,0.0573991031390135,0.230263157894737,0.416118421052632,0.327302631578947,0.0263157894736842,0,0.216266173752311,0.240295748613678,0.402957486136784,0.0277264325323475,0.11275415896488,43.14912394549,21382.1595394737,17746.1595394737,0.366,0.65,1,0.432886004447937,"080200","Clifton-Berea",54
"61","24510080800",21213,24510,1321,0.036336109008327,0.478425435276306,0.0575321725965178,0.894776684330053,0,0.0514761544284633,0.42654028436019,0.116903633491311,0.0568720379146919,0.319634703196347,0.440639269406393,0.121004566210046,0.105022831050228,0.0136986301369863,0.388888888888889,0.295138888888889,0.159722222222222,0.0381944444444444,0.118055555555556,22.3077971233914,18989.2191780822,12932.9634703196,0.525,0.59,1,0.432886004447937,"080800","Oldtown/Middle East",22
"62","24510080400",21213,24510,1176,0.142006802721088,0.266156462585034,0.133503401360544,0.862244897959184,0,0.0799319727891157,0.394912985274431,0.0642570281124498,0.00535475234270415,0.273712737127371,0.482384823848238,0.197831978319783,0.046070460704607,0,0.208074534161491,0.282608695652174,0.332298136645963,0.0869565217391304,0.0900621118012422,35.1986394557823,25167.3902439024,12073.3929539295,0.365,0.59,1,0.432886004447937,"080400","Clifton-Berea",58
"63","24510080101",21213,24510,4080,0.0691176470588235,0.306127450980392,0.225980392156863,0.707352941176471,0.00784313725490196,0.0127450980392157,0.42566510172144,0.275821596244131,0.10641627543036,0.0778120184899846,0.332819722650231,0.328197226502311,0.203389830508475,0.0577812018489985,0.383141762452107,0.269293924466338,0.182266009852217,0.047071702244116,0.118226600985222,33.7315196078431,70119.8066255778,26405.0408320493,0.641,0.74,1,0.432886004447937,"080101","Belair-Edison",50
"64","24510260301",21213,24510,4242,0.066949552098067,0.302687411598303,0.0754361150400754,0.869401225836869,0.0110796793965111,0.00518623290900519,0.346094354215004,0.186388244392885,0.07153905645785,0.162642947903431,0.493011435832274,0.254129606099111,0.0902160101651842,0,0.328449328449328,0.285714285714286,0.235042735042735,0.0244200244200244,0.126373626373626,31.3647100424328,37418.6137229987,17895.0082592122,0.598,0.67,1,0.432886004447937,"260301","Belair-Edison",159
"65","24510270200",21214,24510,1648,0.117718446601942,0.16868932038835,0.521844660194175,0.37378640776699,0.00364077669902913,0.0315533980582524,0.214342001576044,0.477541371158392,0.244286840031521,0.0898716119828816,0.295292439372325,0.375178316690442,0.232524964336662,0.00713266761768902,0.522371364653244,0.136465324384787,0.200223713646532,0.087248322147651,0.0536912751677852,43.095145631068,62417.6219686163,31739.1911554922,0.721,0.73,2,0.505234003067017,"270200","Greater Lauraville",45
"66","24510270101",21214,24510,1659,0.0916214587100663,0.245328511151296,0.425557564798071,0.506329113924051,0.00241109101868596,0.02833031946956,0.231040564373898,0.386243386243386,0.182539682539683,0.0551839464882943,0.372909698996655,0.22742474916388,0.31438127090301,0.0301003344481605,0.552835051546392,0.132731958762887,0.168814432989691,0.0579896907216495,0.0876288659793814,38.0236889692586,61338.3277591973,29287.7391304348,0.73,0.78,2,0.505234003067017,"270101","Greater Lauraville",40
"67","24510270600",21214,24510,4686,0.12291933418694,0.19910371318822,0.402902262057192,0.56145966709347,0.00213401621852326,0.00789586000853607,0.295382850587898,0.301978778319472,0.114998566102667,0.0160220994475138,0.365193370165746,0.412154696132597,0.193370165745856,0.0132596685082873,0.361313868613139,0.151257096512571,0.262773722627737,0.0871857258718573,0.137469586374696,40.7296201451131,57906.6961325967,28258.1662983425,0.678,0.79,2,0.505234003067017,"270600","Hamilton Hills",56
"68","24510270702",21214,24510,1831,0.113599126160568,0.20589841616603,0.321682140906608,0.660841070453304,0,0.0120152921900601,0.299324831207802,0.244561140285071,0.0975243810952738,0.0475651189127973,0.553793884484711,0.277463193657984,0.105322763306908,0.0158550396375991,0.29822732012513,0.230448383733055,0.259645464025026,0.086548488008342,0.125130344108446,43.1144729655926,39983.2797281993,31173.4235560589,0.572,0.63,2,0.505234003067017,"270702","Hamilton Hills",92
"69","24510270302",21214,24510,1926,0.120976116303219,0.191069574247144,0.434579439252336,0.46521287642783,0.0659397715472482,0.0597092419522326,0.368719037508846,0.244869072894551,0.0905874026893135,0.0541353383458647,0.348872180451128,0.344360902255639,0.192481203007519,0.0601503759398496,0.378348214285714,0.1875,0.268973214285714,0.106026785714286,0.0591517857142857,43.2289719626168,63858.6842105263,28338.8902255639,0.632,0.65,2,0.505234003067017,"270302","Greater Lauraville",52
"70","24510270402",21214,24510,3073,0.0999023755287992,0.206963878945656,0.414253172795314,0.490725675235926,0.0126911812561015,0.0191994793361536,0.307726663689147,0.339437248771773,0.124609200535954,0.105683836589698,0.209591474245115,0.357904085257549,0.292184724689165,0.0346358792184725,0.43168433451119,0.145465253239105,0.245583038869258,0.0700824499411072,0.10718492343934,36.3161080377481,73344.1545293073,30903.1074600355,0.664,0.74,2,0.505234003067017,"270402","Hamilton",60
"71","24510270301",21214,24510,3197,0.103221770409759,0.172349077259931,0.36565530184548,0.560838285893025,0.0362840162652487,0.0600563027838599,0.241379310344828,0.351135407905803,0.149285113540791,0.0848896434634974,0.222410865874363,0.432937181663837,0.242784380305603,0.0169779286926995,0.356957087126138,0.201560468140442,0.267880364109233,0.0812743823146944,0.0923276983094928,45.2860807006569,66497.7215619694,31259.0993208829,0.675,0.7,2,0.505234003067017,"270301","Greater Lauraville",49
"72","24510151300",21215,24510,4606,0.0861919235779418,0.270082501085541,0.05601389491967,0.922926617455493,0.00694745983499783,0.0386452453321754,0.415450338198647,0.0986116055535778,0.0487718049127803,0.249186727391021,0.495120364346129,0.231620039037085,0.0240728692257645,0,0.213276836158192,0.288841807909605,0.280367231638418,0.0550847457627119,0.162429378531073,35.8955275727312,19608.6499674691,12891.8438516591,0.437,0.62,9,0.482919007539749,"151300","Southern Park Heights",69
"73","24510271700",21215,24510,4887,0.206056885614897,0.108450992428893,0.0382647841211377,0.95048086760794,0.0059341109064866,0.00204624514016779,0.437107707757971,0.125533517449159,0.0635199598292744,0.151200873362445,0.459606986899563,0.291484716157205,0.0867903930131004,0.0109170305676856,0.208439247585155,0.220132180986274,0.394001016776817,0.0198271479410269,0.157600406710727,49.0317781870268,38347.7843886463,21470.7259825328,0.517,0.64,9,0.482919007539749,"271700","Pimlico/Arlington/Hilltop",125
"74","24510151100",21215,24510,6962,0.132433208848032,0.251651824188452,0.00732548118356794,0.983625395001436,0,0,0.321030792749509,0.184538108757371,0.111596418431972,0.0956356736242884,0.387476280834915,0.362428842504744,0.154459203036053,0,0.294252873563218,0.20536398467433,0.261302681992337,0.0593869731800766,0.179693486590038,36.1683280666475,41182.1912713473,24707.3605313093,0.615,0.71,9,0.482919007539749,"151100","Dorchester/Ashburton",195
"75","24510150500",21215,24510,1544,0.148963730569948,0.211139896373057,0.0550518134715026,0.942357512953368,0,0.0459844559585492,0.34816247582205,0.142166344294004,0.0319148936170213,0.112359550561798,0.507223113964687,0.306581059390048,0.0738362760834671,0,0.285470085470085,0.32991452991453,0.211965811965812,0.0393162393162393,0.133333333333333,40.4732512953368,37920.3451043339,18715.7110754414,0.501,0.64,9,0.482919007539749,"150500","Greater Mondawmin",187
"76","24510151200",21215,24510,4783,0.137361488605478,0.179385323019026,0.0388877273677608,0.947104327827723,0.00334518084883964,0.0267614467907171,0.400849858356941,0.0759206798866855,0.0155807365439093,0.245449207281268,0.52730475631239,0.152671755725191,0.0692894891368174,0.00528479154433353,0.32498307379824,0.247122545700745,0.205822613405552,0.127962085308057,0.0941096817874069,42.5447208864729,19011.5684086905,18285.4985320023,0.483,0.67,9,0.482919007539749,"151200","Southern Park Heights",65
"77","24510272006",21215,24510,3789,0.187648456057007,0.24650303510161,0.499604117181314,0.455793085246767,0,0.0443388756927949,0.29957805907173,0.283084004602992,0.108937476026084,0.208408408408408,0.409009009009009,0.266066066066066,0.108108108108108,0.00840840840840841,0.309932785660941,0.194174757281553,0.339805825242718,0.0365944734876774,0.11949215832711,44.0579572446556,29033.7261261261,22368.5777777778,0.645,NA,9,0.482919007539749,"272006","Glen-Fallstaff",148
"78","24510271801",21215,24510,3219,0.161230195712954,0.193849021435228,0.018018018018018,0.924821373097235,0.00248524386455421,0.0152221186703945,0.329189686924494,0.0833333333333333,0.042817679558011,0.226984126984127,0.401587301587302,0.197619047619048,0.167460317460317,0.00634920634920635,0.265151515151515,0.394781144781145,0.144781144781145,0.124579124579125,0.0707070707070707,39.1919229574402,35949.473015873,21379.7968253968,0.492,0.63,9,0.482919007539749,"271801","Pimlico/Arlington/Hilltop",124
"79","24510272005",21215,24510,3300,0.117575757575758,0.292121212121212,0.872424242424242,0.109393939393939,0.0139393939393939,0.0112121212121212,0.162337662337662,0.578421578421578,0.326173826173826,0.0641539695268645,0.396150761828388,0.261427425821973,0.18364073777065,0.0946271050521251,0.590007347538575,0.13078618662748,0.163850110213079,0.0191036002939015,0.0962527553269655,33.2664242424242,58312.6615878107,33451.4258219727,0.744,NA,9,0.482919007539749,"272005","Cross-Country/Cheswolde",142
"80","24510272007",21215,24510,4760,0.123949579831933,0.323949579831933,0.403991596638655,0.498319327731092,0.0621848739495798,0.0968487394957983,0.318244170096022,0.326474622770919,0.0891632373113855,0.071953781512605,0.511029411764706,0.288865546218487,0.107142857142857,0.0210084033613445,0.316633266533066,0.215931863727455,0.330661322645291,0.0450901803607214,0.0916833667334669,33.5971638655462,40223.8308823529,24423.2226890756,0.568,NA,9,0.482919007539749,"272007","Glen-Fallstaff",141
"81","24510280101",21215,24510,4093,0.109943806498901,0.236257024187637,0.103835817248962,0.871732225751283,0,0.0351820180796482,0.34765485141425,0.158610812746151,0.0683852488363767,0.162491052254832,0.438081603435934,0.267000715819613,0.0844667143879742,0.0479599141016464,0.327725856697819,0.202492211838006,0.268535825545171,0.0560747663551402,0.145171339563863,38.9349621304667,43107.8625626342,27381.0415175376,0.568,0.72,9,0.482919007539749,"280101","Glen-Fallstaff",11
"82","24510271900",21215,24510,4072,0.177554027504912,0.197200392927308,0.2487721021611,0.708005893909627,0.012278978388998,0.0191552062868369,0.266896551724138,0.325862068965517,0.127931034482759,0.0969017798286091,0.392880685563612,0.275543836519446,0.203691496374423,0.030982201713909,0.431406888499708,0.232340922358435,0.251021599532983,0.0163455925277291,0.0688849970811442,41.5406188605108,51300.3869479235,28538.8971654581,0.694,0.79,9,0.482919007539749,"271900","Glen-Fallstaff",193
"83","24510151000",21215,24510,4994,0.117941529835803,0.232278734481378,0.0408490188225871,0.914697637164598,0.00780937124549459,0.0202242691229475,0.371394938198941,0.131842260153031,0.0479693937610359,0.139451728247914,0.477949940405244,0.261620977353993,0.114421930870083,0.0065554231227652,0.312785388127854,0.264269406392694,0.29337899543379,0.0313926940639269,0.0981735159817352,42.8069883860633,38583.6376638856,19877.5715137068,0.484,0.61,9,0.482919007539749,"151000","Dorchester/Ashburton",194
"84","24510271802",21215,24510,2911,0.109240810717966,0.210237031947784,0.0020611473720371,0.983854345585709,0,0.00240467193404328,0.449237243556023,0.0368227248816412,0.00894266175697002,0.179166666666667,0.60625,0.161458333333333,0.053125,0,0.262935586061246,0.244984160506864,0.214361140443506,0.0918690601900739,0.18585005279831,40.0051872208863,27360.190625,12810.2666666667,0.411,0.66,9,0.482919007539749,"271802","Pimlico/Arlington/Hilltop",192
"85","24510271600",21215,24510,4681,0.114078188421278,0.208929715872677,0.0228583635975219,0.956419568468276,0,0.0205084383678701,0.467099165894347,0.112140871177016,0.0506641952425085,0.183311432325887,0.442181340341656,0.296320630749014,0.0538764783180026,0.0243101182654402,0.231665524331734,0.434544208361892,0.227553118574366,0.019876627827279,0.0863605209047293,38.1013885921812,27601.8094612352,18119.302890933,0.486,0.62,9,0.482919007539749,"271600","Southern Park Heights",123
"86","24510272003",21215,24510,6078,0.113524185587364,0.314906219151037,0.733300427772294,0.239552484369859,0.0204014478446858,0.0324119776242185,0.209521173539994,0.542762247439801,0.256296706338223,0.0100526567735759,0.254667304930589,0.36668262326472,0.339396840593585,0.0292005744375299,0.607728764126868,0.0761939482318629,0.217280349981772,0.037185563251914,0.0616113744075829,34.4596248766041,72350.3413116324,30289.8066060316,0.73,0.71,9,0.482919007539749,"272003","Cross-Country/Cheswolde",8
"87","24510280302",21216,24510,2377,0.100126209507783,0.258729490954985,0.0534286916281027,0.933950357593605,0.00252419015565839,0.00546907867059318,0.354397394136808,0.255374592833876,0.11400651465798,0.111636707663198,0.519394512771996,0.247871333964049,0.0879848628192999,0.033112582781457,0.315405651777575,0.334548769371012,0.240656335460346,0.0455788514129444,0.0638103919781221,35.6876314682373,39438.9120151372,28255.1532639546,0.525,0.64,1,0.461645990610123,"280302","Forest Park/Walbrook",16
"88","24510150800",21216,24510,4371,0.13452299245024,0.234042553191489,0.00663463738274994,0.959505833905285,0,0.0118965911690689,0.4130291005291,0.178902116402116,0.0730820105820106,0.209090909090909,0.421022727272727,0.264772727272727,0.0931818181818182,0.0119318181818182,0.321405750798722,0.343769968051118,0.194249201277955,0.068370607028754,0.0722044728434505,38.8386867993594,13556.81875,23628.4022727273,0.406,0.55,1,0.461645990610123,"150800","Forest Park/Walbrook",196
"89","24510160700",21216,24510,4193,0.0999284521822084,0.256856665871691,0.0152635344621989,0.972573336513236,0,0.00953970903887431,0.399167612561483,0.114264093832766,0.0166477487703367,0.147361647361647,0.588803088803089,0.2001287001287,0.0514800514800515,0.0122265122265122,0.263190954773869,0.325376884422111,0.245603015075377,0.0489949748743719,0.116834170854271,33.448962556642,29230.9523809524,16414.8764478764,0.438,0.67,1,0.461645990610123,"160700","Greater Rosemont",82
"90","24510160500",21216,24510,4583,0.104080296748854,0.245472397992581,0,1,0,0.0224743617717652,0.334238208347472,0.0841533763148965,0.0223956565999321,0.115802943058221,0.573256557901472,0.267434420985285,0.0435060780550224,0,0.179068360556564,0.352692075015124,0.269207501512402,0.0375075620084694,0.161524500907441,35.6047348898102,34460.2002559181,16985.4094689699,0.49,0.67,1,0.461645990610123,"160500","Greater Rosemont",180
"91","24510150701",21216,24510,1540,0.150649350649351,0.177272727272727,0.0422077922077922,0.922077922077922,0,0.00974025974025974,0.42418930762489,0.21384750219106,0.0902716914986854,0.115916955017301,0.48961937716263,0.250865051903114,0.143598615916955,0,0.258308157099698,0.178247734138973,0.3202416918429,0.0634441087613293,0.1797583081571,43.9855194805195,38905.5519031142,21663.3408304498,0.57,0.68,1,0.461645990610123,"150701","Greater Mondawmin",189
"92","24510150900",21216,24510,2954,0.116113744075829,0.213947190250508,0.048747461069736,0.93906567366283,0,0.0253893026404875,0.283301158301158,0.212837837837838,0.101833976833977,0.0322878228782288,0.409594095940959,0.380073800738007,0.143911439114391,0.0341328413284133,0.382352941176471,0.136500754147813,0.254901960784314,0.0482654600301659,0.177978883861237,42.3684834123223,57949.397601476,26731.1798892989,0.525,0.6,1,0.461645990610123,"150900","Forest Park/Walbrook",128
"93","24510150300",21216,24510,2059,0.0825643516270034,0.232151529868868,0,0.985915492957746,0,0,0.430758524704245,0.133611691022964,0.0452331245650661,0.176296296296296,0.448888888888889,0.220740740740741,0.10962962962963,0.0444444444444444,0.2400513478819,0.293966623876765,0.251604621309371,0.0680359435173299,0.146341463414634,36.860660514813,38101.3022222222,22626.0177777778,0.403,0.66,1,0.461645990610123,"150300","Greater Rosemont",185
"94","24510160600",21216,24510,3054,0.111984282907662,0.217747216764898,0.0173542894564506,0.95645055664702,0.010150622134905,0.0297969875573019,0.373346398824106,0.0906418422341989,0.0156785889269966,0.16563330380868,0.474756421612046,0.244464127546501,0.0921169176262179,0.0230292294065545,0.274087932647334,0.275958840037418,0.16089803554724,0.127221702525725,0.161833489242282,35.5147020301244,31031.3897254207,20392.6598759965,0.407,0.65,1,0.461645990610123,"160600","Greater Rosemont",191
"95","24510150600",21216,24510,2733,0.120746432491767,0.210757409440176,0.0325649469447494,0.967435053055251,0,0,0.390913893291072,0.0755414685684099,0.0295826730058109,0.169590643274854,0.599415204678363,0.153996101364522,0.0653021442495127,0.0116959064327485,0.26236559139785,0.390322580645161,0.150537634408602,0,0.196774193548387,37.8256128796195,24941.932748538,15437.4161793372,0.429,0.64,1,0.461645990610123,"150600","Greater Rosemont",188
"96","24510150702",21216,24510,2191,0.125057051574623,0.207211319032405,0.0114103149246919,0.958466453674121,0,0.00547695116385212,0.374504623513871,0.196169088507266,0.0488771466314399,0.141891891891892,0.440315315315315,0.291666666666667,0.126126126126126,0,0.375391032325339,0.223149113660063,0.259645464025026,0.0552659019812305,0.086548488008342,37.4756275673209,35657.0675675676,22681.5236486487,0.54,0.66,1,0.461645990610123,"150702","Greater Mondawmin",190
"97","24510130400",21217,24510,2352,0.0837585034013605,0.21343537414966,0.0395408163265306,0.909013605442177,0.000425170068027211,0.0395408163265306,0.41,0.12,0.060625,0.154211150652432,0.524317912218268,0.239620403321471,0.0818505338078292,0,0.253897550111359,0.258351893095768,0.262806236080178,0.066815144766147,0.158129175946548,36.9942176870748,34450.5361803084,17833.5871886121,0.355,0.67,0,0.460945010185242,"130400","Penn North/Reservoir Hill",73
"98","24510160300",21217,24510,1303,0.181120491174213,0.109746738296239,0.0391404451266309,0.957789716039908,0.00306983883346124,0,0.396153846153846,0.0336538461538462,0.0134615384615385,0.275167785234899,0.449664429530201,0.210290827740492,0,0.0648769574944072,0.242666666666667,0.186666666666667,0.352,0,0.218666666666667,48.5604758250192,24605.6331096197,27396.4742729306,0.415,0.67,0,0.460945010185242,"160300","Sandtown-Winchester/Harlem Park",135
"99","24510160400",21217,24510,2795,0.0883720930232558,0.318067978533095,0.00500894454382826,0.977459749552773,0.00214669051878354,0,0.427672955974843,0.0232704402515723,0.0188679245283019,0.150564617314931,0.533249686323714,0.21831869510665,0.0978670012547051,0,0.145875251509054,0.269617706237425,0.30784708249497,0.0563380281690141,0.220321931589537,30.9667262969589,23325.7979924718,14447.0765370138,0.324,0.62,0,0.460945010185242,"160400","Sandtown-Winchester/Harlem Park",76
"100","24510150200",21217,24510,2846,0.0822206605762474,0.281799016163036,0,0.956781447645819,0,0,0.465237543453071,0.0585168018539977,0.0202780996523754,0.181034482758621,0.391625615763547,0.328817733990148,0.0985221674876847,0,0.181043663471778,0.461128860489883,0.210862619808307,0.020234291799787,0.126730564430245,32.5805340829234,41372.8509852217,14974.8509852217,0.341,0.63,0,0.460945010185242,"150200","Sandtown-Winchester/Harlem Park",184
"101","24510130200",21217,24510,3066,0.104044357469015,0.254076973255055,0.161121983039791,0.778864970645793,0.00424005218525766,0.04044357469015,0.208984375,0.34423828125,0.14697265625,0.184343434343434,0.397306397306397,0.243265993265993,0.159090909090909,0.015993265993266,0.379833206974981,0.291887793783169,0.181197877179682,0.043972706595906,0.103108415466262,33.33228962818,47683.9865319865,23140.4831649832,0.447,0.6,0,0.460945010185242,"130200","Penn North/Reservoir Hill",72
"102","24510130300",21217,24510,2159,0.0986567855488652,0.297359888837425,0.0379805465493284,0.941176470588235,0.0171375636868921,0.0106530801296897,0.327073552425665,0.244131455399061,0.109546165884194,0.232057416267943,0.483253588516746,0.192583732057416,0.0669856459330144,0.0251196172248804,0.364656381486676,0.242636746143057,0.300140252454418,0.0182328190743338,0.0743338008415147,33.0807318202872,32125.302631579,18072.8313397129,0.382,0.58,0,0.460945010185242,"130300","Penn North/Reservoir Hill",48
"103","24510130100",21217,24510,2650,0.10188679245283,0.173207547169811,0.144150943396226,0.808301886792453,0.00679245283018868,0.0192452830188679,0.28261916225325,0.280693307655272,0.11651420317766,0.217118997912317,0.508002783576896,0.175365344467641,0.0897703549060543,0.00974251913709116,0.550695825049702,0.218687872763419,0.1610337972167,0,0.0695825049701789,40.9936603773585,31092.226861517,23661.2915796799,0.483,0.63,0,0.460945010185242,"130100","Penn North/Reservoir Hill",122
"104","24510140300",21217,24510,2832,0.0850988700564972,0.260593220338983,0.0476694915254237,0.91066384180791,0.0250706214689266,0.00953389830508475,0.363636363636364,0.183577712609971,0.0780058651026393,0.222114451988361,0.535402521823472,0.163918525703201,0.066925315227934,0.011639185257032,0.338557993730408,0.276907001044932,0.16405433646813,0.0125391849529781,0.207941483803553,32.7514830508475,24553.0766246363,14973.5945683802,0.331,0.59,0,0.460945010185242,"140300","Upton/Druid Heights",183
"105","24510160100",21217,24510,2351,0.118672905146746,0.160782645682688,0.018290089323692,0.898766482347937,0.00935772011909826,0.00765631646108039,0.30735455543359,0.113611416026345,0.0636663007683864,0.228280961182994,0.595194085027726,0.106284658040665,0.0499075785582255,0.0203327171903882,0.411180124223603,0.406211180124224,0.104347826086957,0.0322981366459627,0.0459627329192547,44.8943002977456,15605.2735674677,16901.780961183,0.341,0.55,0,0.460945010185242,"160100","Sandtown-Winchester/Harlem Park",68
"106","24510150400",21217,24510,4240,0.129716981132075,0.153301886792453,0.0122641509433962,0.942216981132076,0.00518867924528302,0.00330188679245283,0.377035830618893,0.0948697068403909,0.0350162866449511,0.096943231441048,0.580786026200873,0.252401746724891,0.0480349344978166,0.0218340611353712,0.207840236686391,0.397189349112426,0.281065088757396,0.0236686390532544,0.0902366863905325,30.5322405660377,36534.4951965065,14540.4873362445,0.428,0.65,0,0.460945010185242,"150400","Greater Mondawmin",186
"107","24510150100",21217,24510,3098,0.112007746933505,0.274047772756617,0.00161394448030988,0.975790832795352,0.00936087798579729,0,0.34958932238193,0.0590349075975359,0.0297741273100616,0.287782805429864,0.542986425339366,0.136651583710407,0.0217194570135747,0.0108597285067873,0.0779054916985951,0.347381864623244,0.344827586206897,0.00638569604086846,0.223499361430396,33.8678179470626,18689.9981900452,14624.1375565611,0.447,0.63,0,0.460945010185242,"150100","Sandtown-Winchester/Harlem Park",102
"108","24510140200",21217,24510,2592,0.0474537037037037,0.449074074074074,0.0405092592592593,0.947916666666667,0,0.00810185185185185,0.334128878281623,0.129673826571201,0.0182975338106603,0.298888888888889,0.521111111111111,0.1,0.08,0,0.29608938547486,0.196927374301676,0.108938547486034,0.0824022346368715,0.315642458100559,22.4435185185185,12177.5833333333,12075.24,0.389,0.53,0,0.460945010185242,"140200","Upton/Druid Heights",182
"109","24510160200",21217,24510,2469,0.0992304576751721,0.272174969623329,0.0052652895909275,0.994734710409072,0,0.00121506682867558,0.480379746835443,0.0443037974683544,0.0113924050632911,0.174657534246575,0.480593607305936,0.280821917808219,0.0570776255707763,0.00684931506849315,0.125398512221041,0.297555791710946,0.361317747077577,0.0743889479277365,0.141339001062699,35.6813689752936,36926.3207762557,17297.3447488584,0.46,0.6,0,0.460945010185242,"160200","Sandtown-Winchester/Harlem Park",37
"110","24510140100",21217,24510,4905,0.231600407747197,0.0797145769622834,0.510295616717635,0.367176350662589,0.0601427115188583,0.072375127420999,0.123740201567749,0.549272116461366,0.357782754759239,0.170169765561843,0.348019401778496,0.267178658043654,0.116006467259499,0.0986257073565077,0.688944934846574,0.0773434216057167,0.201345102984447,0.0235393022278268,0.00882723833543506,42.8002242609582,36606.7570735651,40595.8843977365,0.59,0.69,0,0.460945010185242,"140100","Midtown",129
"111","24510090400",21218,24510,1693,0.060838747784997,0.29238038984052,0.0927347903130537,0.868871825162434,0,0.0667454223272298,0.439182915506035,0.0891364902506964,0.0371402042711235,0.145569620253165,0.556962025316456,0.246835443037975,0.0427215189873418,0.00791139240506329,0.186903137789904,0.345156889495225,0.227830832196453,0.0941336971350614,0.145975443383356,33.7178381571175,38009.789556962,16881.5965189873,0.503,0.65,5,0.455563008785248,"090400","The Waverlies",177
"112","24510120300",21218,24510,3843,0.0619307832422587,0.194899817850638,0.350767629456154,0.501691386937289,0.0460577673692428,0.0353890189955764,0.259315016936394,0.426797139631163,0.211516748212269,0.110285006195787,0.467781908302354,0.278810408921933,0.09727385377943,0.0458488228004957,0.545354590434305,0.151731720725673,0.214403518416712,0.0395821880153931,0.0489279824079164,32.3371584699454,39430.3692688971,26215.9603469641,0.598,0.64,5,0.455563008785248,"120300","Greater Charles Village/Barclay",107
"113","24510090800",21218,24510,2750,0.106909090909091,0.174181818181818,0.0323636363636364,0.918545454545455,0.0138181818181818,0.0214545454545455,0.366633366633367,0.0754245754245754,0.020979020979021,0.202715809893307,0.545101842870999,0.172647914645975,0.0795344325897187,0,0.223076923076923,0.445054945054945,0.175824175824176,0.0604395604395604,0.0956043956043956,40.0478181818182,19868.148399612,15209.8322017459,0.351,0.62,5,0.455563008785248,"090800","Midway/Coldstream",87
"114","24510120600",21218,24510,2748,0.170305676855895,0.0611353711790393,0.418850072780204,0.486899563318777,0.0847889374090247,0.0778748180494905,0.214227309893704,0.325429272281276,0.141455437448896,0.354254677127339,0.463488231744116,0.123717561858781,0.0500905250452625,0.00844900422450211,0.446153846153846,0.15982905982906,0.225641025641026,0.064957264957265,0.103418803418803,45.3877729257642,20264.5395292698,19838.6572118286,0.444,0.56,5,0.455563008785248,"120600","Greater Charles Village/Barclay",18
"115","24510090600",21218,24510,3057,0.192018318613019,0.173045469414459,0.0693490350016356,0.930323846908734,0,0,0.426735218508997,0.0831191088260497,0.0222793487574979,0.0764525993883792,0.545361875637105,0.222222222222222,0.155963302752294,0,0.157094594594595,0.247466216216216,0.331081081081081,0.0481418918918919,0.216216216216216,43.9966633954858,43781.753312946,19318.6044852192,0.492,0.65,5,0.455563008785248,"090600","Midway/Coldstream",67
"116","24510090200",21218,24510,2980,0.151342281879195,0.153691275167785,0.186912751677852,0.786912751677852,0.00369127516778523,0.0224832214765101,0.317328677433435,0.320384111741598,0.168921868179834,0.0277078085642317,0.418975650713686,0.299748110831234,0.191435768261965,0.0621326616288833,0.460365853658537,0.203506097560976,0.200457317073171,0.0198170731707317,0.115853658536585,45.5918456375839,59427.0075566751,31763.556675063,0.725,0.81,5,0.455563008785248,"090200","Northwood",171
"117","24510090100",21218,24510,3950,0.151898734177215,0.171645569620253,0.155189873417722,0.812658227848101,0.0040506329113924,0.0331645569620253,0.308720347477447,0.209488807216839,0.103909121282994,0.0986494421608925,0.483852025836759,0.266588373458602,0.140927774515561,0.00998238402818555,0.374733475479744,0.261727078891258,0.182835820895522,0.0426439232409382,0.138059701492537,40.7037215189873,47537.08749266,25926.5466823253,0.611,0.7,5,0.455563008785248,"090100","Greater Govans",1
"118","24510120201",21218,24510,1983,0.0766515380736258,0.104891578416541,0.666162380231972,0.172970247100353,0.0630358043368633,0.0196671709531014,0.145150034891835,0.646196789951151,0.342637822749477,0.0949074074074074,0.282407407407407,0.289351851851852,0.224537037037037,0.108796296296296,0.69838572642311,0.0985556499575191,0.121495327102804,0.0271877655055225,0.054375531011045,31.8021684316692,67104.2013888889,43642.4131944444,0.689,NA,5,0.455563008785248,"120201","Greater Charles Village/Barclay",144
"119","24510090700",21218,24510,2899,0.116591928251121,0.267333563297689,0.0262159365298379,0.94032424974129,0.00517419799931011,0.0269058295964126,0.397860417727967,0.116658176260825,0.0234335201222618,0.199261992619926,0.591328413284133,0.199261992619926,0.0101476014760148,0,0.111475409836066,0.354098360655738,0.319125683060109,0.0743169398907104,0.140983606557377,36.1057951017592,20471.0212177122,14363.1595940959,0.448,0.65,5,0.455563008785248,"090700","Midway/Coldstream",70
"120","24510120400",21218,24510,1786,0.055431131019037,0.28555431131019,0.184210526315789,0.799552071668533,0.00727883538633819,0.0179171332586786,0.301503094606543,0.294429708222812,0.142351900972591,0.170542635658915,0.541085271317829,0.215503875968992,0.0666666666666667,0.0062015503875969,0.458015267175573,0.256488549618321,0.189312977099237,0.0595419847328244,0.0366412213740458,30.0256998880179,34164.7720930233,20959.4744186047,0.503,0.51,5,0.455563008785248,"120400","Greater Charles Village/Barclay",110
"121","24510270903",21218,24510,4644,0.0742894056847545,0.141257536606374,0.174418604651163,0.74526270456503,0.0150732127476314,0.0848406546080965,0.311166253101737,0.310173697270471,0.112158808933002,0.117599351175994,0.46066504460665,0.253852392538524,0.139497161394972,0.0283860502838605,0.284203102961918,0.293370944992948,0.271509167842031,0.0874471086036671,0.0634696755994358,23.6399870801034,50512.6942416869,16900.601784266,0.54,0.66,5,0.455563008785248,"270903","Northwood",77
"122","24510090300",21218,24510,4109,0.20199561937211,0.140910197128255,0.183986371379898,0.701143830615722,0.0389389145777561,0.0335848138233147,0.247113884555382,0.307332293291732,0.136349453978159,0.140763997906855,0.45578231292517,0.240188383045526,0.152276295133438,0.010989010989011,0.550252667040988,0.203256597417181,0.139809096013476,0.0432341381246491,0.0634475014037058,47.0825991725481,39900.1794871795,26245.958137101,0.697,0.73,5,0.455563008785248,"090300","The Waverlies",174
"123","24510120202",21218,24510,6155,0.0264825345247766,0.0290820471161657,0.583103168155971,0.09374492282697,0.266125101543461,0.0628757108042242,0.00628930817610063,0.878567972907596,0.516690856313498,0.147855530474041,0.610045146726862,0.0880361173814898,0.0863431151241535,0.0677200902934537,0.711989574283232,0.0890529973935708,0.157254561251086,0.00781928757602085,0.0338835794960904,24.083476848091,28179.4525959368,25893.6004514673,0.519,NA,5,0.455563008785248,"120202","Greater Charles Village/Barclay",140
"124","24510271102",21218,24510,4431,0.0431053938162943,0.0724441435341909,0.667795080117355,0.206048296095689,0.049424509140149,0.0519070187316633,0.0522041763341067,0.844547563805104,0.505800464037123,0.0135440180586907,0.0857787810383747,0.198645598194131,0.18961625282167,0.512415349887133,0.602674307545368,0.0955109837631328,0.292263610315186,0.00573065902578797,0.00382043935052531,24.6861882193636,200475.803611738,76243.3318284424,0.741,0.72,5,0.455563008785248,"271102","North Baltimore/Guilford/Homeland",93
"125","24510090500",21218,24510,2172,0.0768876611418048,0.225598526703499,0.140423572744015,0.831491712707182,0.00460405156537753,0,0.430020283975659,0.169709263015551,0.0730223123732252,0.0910364145658263,0.504201680672269,0.261904761904762,0.11484593837535,0.0280112044817927,0.212719298245614,0.351973684210526,0.235745614035088,0.0581140350877193,0.141447368421053,31.2424953959484,39632.2773109244,19789.781512605,0.524,0.64,5,0.455563008785248,"090500","The Waverlies",63
"126","24510200200",21223,24510,2686,0.155621742367833,0.286671630677587,0.0241995532390171,0.949739389426657,0,0,0.440677966101695,0.0309760374050263,0.0134424313267095,0.170212765957447,0.603583426651736,0.19036954087346,0.019036954087346,0.0167973124300112,0.124267291910903,0.33411488862837,0.303634232121923,0.0539273153575615,0.184056271981243,37.1212211466865,33801.3325867861,20819.8085106383,0.389,0.63,2,0.475189030170441,"200200","Southwest Baltimore",145
"127","24510200400",21223,24510,1667,0.113977204559088,0.323335332933413,0.0383923215356929,0.875224955008998,0.0233953209358128,0.0245950809838032,0.408140814081408,0.0572057205720572,0.0341034103410341,0.14336917562724,0.736559139784946,0.109318996415771,0.010752688172043,0,0.124137931034483,0.322413793103448,0.274137931034483,0.0258620689655172,0.253448275862069,28.5903419316137,27001.1039426523,10983.0519713262,0.361,0.62,2,0.475189030170441,"200400","Southwest Baltimore",149
"128","24510190200",21223,24510,2084,0.0499040307101727,0.246641074856046,0.332053742802303,0.592610364683301,0.0359884836852207,0.0978886756238004,0.186962750716332,0.208452722063037,0.0967048710601719,0.106500691562932,0.484094052558783,0.280774550484094,0.0940525587828492,0.0345781466113416,0.321961620469083,0.298507462686567,0.17910447761194,0.0916844349680171,0.108742004264392,30.4719769673704,44508.9349930844,21108.235131397,0.374,0.51,2,0.475189030170441,"190200","Southwest Baltimore",136
"129","24510200300",21223,24510,1744,0.0647935779816514,0.375573394495413,0.125573394495413,0.725344036697248,0.0120412844036697,0.0693807339449541,0.373517786561265,0.0256916996047431,0.00395256916996047,0.262857142857143,0.504761904761905,0.163809523809524,0.0685714285714286,0,0.29082774049217,0.34675615212528,0.261744966442953,0.0201342281879195,0.0805369127516778,29.2954128440367,21302.8742857143,11239.5866666667,0.283,0.53,2,0.475189030170441,"200300","Southwest Baltimore",147
"130","24510190300",21223,24510,2372,0.0670320404721754,0.221332209106239,0.230607082630691,0.645868465430017,0.0446880269814503,0.0935919055649241,0.431297709923664,0.115776081424936,0.0413486005089059,0.20389461626575,0.482245131729668,0.261168384879725,0.0366552119129439,0.0160366552119129,0.229597388465724,0.354733405875952,0.230685527747552,0.0489662676822633,0.136017410228509,33.4442664418212,27634.3734249714,17672.892325315,0.349,0.57,2,0.475189030170441,"190300","Southwest Baltimore",139
"131","24510200500",21223,24510,3324,0.0914560770156438,0.298736462093863,0.373947051744886,0.527075812274368,0.0105294825511432,0.126955475330927,0.264425261244889,0.0536119945479328,0.0208995910949568,0.261821366024518,0.528896672504378,0.186514886164623,0.0227670753064799,0,0.17827626918536,0.289256198347107,0.266824085005903,0.0661157024793388,0.19952774498229,36.533182912154,26599.7714535902,11474.4036777583,0.336,0.58,2,0.475189030170441,"200500","Southwest Baltimore",175
"132","24510180300",21223,24510,1820,0.0159340659340659,0.132417582417582,0.353846153846154,0.587912087912088,0.028021978021978,0.0115384615384615,0.293731778425656,0.346938775510204,0.183673469387755,0.255788313120176,0.345093715545755,0.275633958103638,0.110253583241455,0.0132304299889746,0.477229601518027,0.280834914611006,0.139468690702087,0.0531309297912713,0.0493358633776091,31.3369230769231,35293.230429989,25996.8125689085,0.447,0.55,2,0.475189030170441,"180300","Poppleton/The Terraces/Hollins Market",169
"133","24510200100",21223,24510,1649,0.0806549423893269,0.243177683444512,0.0169799878714372,0.983020012128563,0,0.00121285627653123,0.333653846153846,0.0509615384615385,0.000961538461538462,0.223880597014925,0.486940298507463,0.203358208955224,0.0634328358208955,0.0223880597014925,0.131118881118881,0.326923076923077,0.344405594405594,0.104895104895105,0.0926573426573427,36.3979987871437,29046.6417910448,16992.2835820896,0.386,0.68,2,0.475189030170441,"200100","Southwest Baltimore",143
"134","24510190100",21223,24510,2121,0.101367279585101,0.319189061763319,0.0759075907590759,0.90947666195191,0.0146157472890146,0.0598774163130599,0.351665375677769,0.0929512006196747,0.0511231603408211,0.275274056029233,0.524969549330085,0.171741778319123,0.0207064555420219,0.00730816077953715,0.133671742808799,0.346869712351946,0.253807106598985,0.0913705583756345,0.174280879864636,32.6385667138142,25149.5213154689,13730.1912302071,0.377,0.63,2,0.475189030170441,"190100","Southwest Baltimore",172
"135","24510060100",21224,24510,3009,0.0588235294117647,0.209039548022599,0.401462279827185,0.455633100697906,0.0269192422731805,0.229976736457295,0.26522961574508,0.303655107778819,0.128865979381443,0.102910602910603,0.433471933471933,0.227650727650728,0.166320166320166,0.0696465696465697,0.303708439897698,0.28772378516624,0.254475703324808,0.0952685421994885,0.0588235294117647,30.8243270189432,40436.1871101871,26726.2224532225,0.594,0.65,14,0.453630983829498,"060100","Patterson Park North & East",53
"136","24510010200",21224,24510,3332,0.0546218487394958,0.130852340936375,0.822929171668667,0.117947178871549,0.00870348139255702,0.0738295318127251,0.134328358208955,0.637786676374226,0.278121587186021,0.0423317140874393,0.210964607911173,0.285912560721721,0.419153365718251,0.0416377515614157,0.66413916146298,0.0597680642283675,0.192239072256913,0.0454950936663693,0.0383586083853702,31.5616146458583,92040.1436502429,44262.7217210271,0.758,0.8,14,0.453630983829498,"010200","Patterson Park North & East",120
"137","24510260501",21224,24510,5806,0.118325869789873,0.245952462969342,0.689975887013434,0.102824664140544,0.017223561832587,0.340509817430245,0.315085771947528,0.170282542885974,0.0701311806256307,0.0744625065547981,0.422128998426848,0.348190875721028,0.142632406921867,0.0125852123754588,0.241899020346647,0.285983421250942,0.172569706103994,0.156367746797287,0.14318010550113,35.1324491904926,48632.8883062402,21245.4992134242,0.528,0.68,14,0.453630983829498,"260501","Greektown/Bayview",83
"138","24510010100",21224,24510,3176,0.142002518891688,0.0591939546599496,0.898929471032746,0.0503778337531486,0.0403022670025189,0.0173173803526448,0.12597258243794,0.63764357169322,0.266024453501297,0.027359781121751,0.189466484268126,0.274281805745554,0.396032831737346,0.112859097127223,0.664585191793042,0.0811775200713648,0.197591436217663,0.0124888492417484,0.044157002676182,33.6611460957179,99691.2619699042,56500.5786593707,0.722,0.8,14,0.453630983829498,"010100","Canton",158
"139","24510260605",21224,24510,4099,0.148328860697731,0.264698707001708,0.618443522810442,0.205903878994877,0.0063430104903635,0.260551353988778,0.339080459770115,0.162715517241379,0.0693247126436782,0.0558139534883721,0.556976744186046,0.261627906976744,0.115697674418605,0.00988372093023256,0.289093298291721,0.0795006570302234,0.254927726675427,0.203679369250986,0.172798948751643,37.9776774823128,38219.9494186047,22551.8697674419,0.592,0.66,14,0.453630983829498,"260605","Southeastern",29
"140","24510010400",21224,24510,2527,0.0890383854372774,0.0601503759398496,0.868618915710328,0.0277008310249307,0.0550059358923625,0.038385437277404,0.111258278145695,0.733333333333333,0.351434878587196,0.035890218156228,0.156228008444757,0.31597466572836,0.329345531315975,0.16256157635468,0.753098661378285,0.0862667327714427,0.117997025285077,0.0361923648983639,0.00644521566683193,33.4,97032.1456720619,79222.157635468,0.644,0.67,14,0.453630983829498,"010400","Canton",164
"141","24510260604",21224,24510,1445,0.0595155709342561,0.481660899653979,0.195155709342561,0.685121107266436,0.0401384083044983,0.155017301038062,0.266666666666667,0.122962962962963,0.0311111111111111,0.311850311850312,0.528066528066528,0.135135135135135,0.024948024948025,0,0.171348314606742,0.561797752808989,0.120786516853933,0.0308988764044944,0.115168539325843,19.0732179930796,23033.5176715177,12212.632016632,0.49,0.61,14,0.453630983829498,"260604","Southeastern",152
"142","24510261000",21224,24510,3184,0.0455402010050251,0.233040201005025,0.592964824120603,0.324748743718593,0,0.282663316582915,0.254278728606357,0.232762836185819,0.1559902200489,0.0975855130784708,0.358148893360161,0.268611670020121,0.214285714285714,0.0613682092555332,0.362038664323374,0.137668424135911,0.181019332161687,0.212067955477446,0.107205623901582,32.4244032663317,52183.3621730382,25213.4929577465,0.54,0.59,14,0.453630983829498,"261000","Patterson Park North & East",132
"143","24510010300",21224,24510,2479,0.0580879386849536,0.132311415893505,0.90883420734167,0.0201694231544978,0.0242033077853973,0.0431625655506253,0.129177057356608,0.722693266832918,0.330174563591022,0.0558510638297872,0.150709219858156,0.243794326241135,0.391843971631206,0.157801418439716,0.73550135501355,0.056910569105691,0.164227642276423,0.0211382113821138,0.0222222222222222,31.0468334005647,110828.432624113,63703.2765957447,0.725,0.73,14,0.453630983829498,"010300","Canton",161
"144","24510260800",21224,24510,2440,0.0918032786885246,0.223770491803279,0.694262295081967,0.23483606557377,0.0122950819672131,0.389754098360656,0.288224956063269,0.19800820152314,0.0726420620972466,0.135538954108858,0.472785485592316,0.23906083244397,0.152614727854856,0,0.260569456427955,0.311475409836066,0.150992234685073,0.181190681622088,0.095772217428818,32.4686885245902,36344.3895410886,19930.1173959445,0.506,0.58,14,0.453630983829498,"260800","Highlandtown",21
"145","24510060200",21224,24510,3198,0.0503439649781113,0.236710444027517,0.525015634771732,0.419011882426517,0.00218886804252658,0.15791119449656,0.201923076923077,0.456959706959707,0.211080586080586,0.127177700348432,0.275261324041812,0.295296167247387,0.242160278745645,0.0601045296167247,0.553827751196172,0.163875598086124,0.117822966507177,0.0645933014354067,0.0998803827751196,30.608880550344,53750.387630662,29915.8466898955,0.584,0.62,14,0.453630983829498,"060200","Patterson Park North & East",137
"146","24510260900",21224,24510,2852,0.0943197755960729,0.126577840112202,0.904277699859748,0.0476858345021038,0.0227910238429173,0.0417251051893408,0.122862286228623,0.644914491449145,0.271827182718272,0.0890947968638632,0.210976478973628,0.246614397719173,0.354953670705631,0.0983606557377049,0.661421595225176,0.0184481823114487,0.25122083559414,0.0211611502984265,0.0477482365708085,32.0542426367461,91700.6272273699,52133.3556664291,0.706,0.76,14,0.453630983829498,"260900","Highlandtown",26
"147","24510260700",21224,24510,2249,0.0569141840818141,0.276122721209426,0.653623832814584,0.0342374388617163,0.0297910182303246,0.383726100489106,0.295454545454545,0.241310160427807,0.140374331550802,0.100131752305665,0.440052700922266,0.285902503293808,0.140974967061924,0.0329380764163373,0.283842794759825,0.262008733624454,0.163318777292576,0.141484716157205,0.149344978165939,31.8202312138728,47225.0355731225,24350.5928853755,0.6,0.55,14,0.453630983829498,"260700","Greektown/Bayview",133
"148","24510261100",21224,24510,1958,0.0648621041879469,0.116445352400409,0.873340143003064,0.0960163432073544,0.0214504596527068,0.0485188968335036,0.107594936708861,0.688607594936709,0.279113924050633,0.00551876379690949,0.247240618101545,0.227373068432671,0.36644591611479,0.153421633554084,0.700719424460432,0.0690647482014388,0.150359712230216,0.0402877697841727,0.039568345323741,31.5630234933606,108431.229580574,57385.2119205298,0.745,0.77,14,0.453630983829498,"261100","Highlandtown",33
"149","24510260404",21224,24510,2137,0.0481984089845578,0.347683668694431,0.361722040243332,0.379036031820309,0.00467945718296678,0.343472157229761,0.368131868131868,0.104395604395604,0.0557299843014129,0.199044585987261,0.468152866242038,0.221337579617834,0.111464968152866,0,0.116279069767442,0.365116279069767,0.12093023255814,0.180232558139535,0.217441860465116,31.415114646701,33518.5636942675,13540.1608280255,0.41,0.49,14,0.453630983829498,"260404","Greektown/Bayview",79
"150","24510250207",21225,24510,2248,0.0756227758007118,0.24288256227758,0.0587188612099644,0.860320284697509,0.0142348754448399,0.0516014234875445,0.363120567375887,0.21063829787234,0.0709219858156028,0.106094808126411,0.604966139954853,0.196388261851016,0.0801354401805869,0.0124153498871332,0.316821465428277,0.253869969040248,0.21671826625387,0.0949432404540764,0.117647058823529,30.5021352313167,32221.8465011287,18553.5981941309,0.567,0.64,3,0.447239995002747,"250207","Cherry Hill",198
"151","24510250203",21225,24510,1751,0.122786978869218,0.288406624785837,0.144488863506568,0.778983438035408,0.0296973158195317,0.0776699029126214,0.349420849420849,0.11003861003861,0.0115830115830116,0.152080344332855,0.552367288378766,0.195121951219512,0.100430416068867,0,0.170520231213873,0.223988439306358,0.332369942196532,0.105491329479769,0.167630057803468,33.0235294117647,32707.8077474892,17229.8307030129,0.525,0.65,3,0.447239995002747,"250203","Cherry Hill",10
"152","24510250401",21225,24510,3715,0.0468371467025572,0.240376850605653,0.527321668909825,0.370121130551817,0.0363391655450875,0.13135935397039,0.380807311500381,0.0837776085300838,0.0201827875095202,0.100157728706625,0.524447949526814,0.22397476340694,0.122239747634069,0.029179810725552,0.154808959156785,0.308959156785244,0.236495388669302,0.173254281949934,0.126482213438735,36.9245222072678,41020.1853312303,20452.0205047319,0.463,0.59,3,0.447239995002747,"250401","Brooklyn/Curtis Bay/Hawkins Point",4
"153","24510250402",21225,24510,4659,0.0379909851899549,0.311869499892681,0.274093153037132,0.521141875939043,0.0060098733633827,0.153466409100665,0.374683544303797,0.0770343580470163,0.033996383363472,0.129153605015674,0.5141065830721,0.305329153605016,0.0200626959247649,0.0313479623824451,0.183684494867639,0.24527282549973,0.263641274986494,0.10913019989195,0.198271204754187,31.8699291693496,37922.139184953,17972.273354232,0.458,0.56,3,0.447239995002747,"250402","Brooklyn/Curtis Bay/Hawkins Point",7
"154","24510250204",21225,24510,4083,0.0555963752143032,0.464364437913299,0.0159196669115846,0.978937056086211,0,0.0284104824883664,0.480458572173007,0.0609692548202189,0.0114643043251694,0.380501015572106,0.506431956668923,0.0920785375761679,0.014218009478673,0.00677048070412999,0.124713958810069,0.367276887871854,0.279176201372998,0.0217391304347826,0.207093821510297,20.91675238795,14346.9099526066,9318.8740690589,0.548,0.65,3,0.447239995002747,"250204","Cherry Hill",14
"155","24510250500",21226,24510,5462,0.0699377517392896,0.266202856096668,0.542292200659099,0.337971439033321,0,0.106737458806298,0.463400059755004,0.0367493277561996,0.0137436510307738,0.099025141097999,0.538737814263725,0.286300667008722,0.0759363776295536,0,0.14759676733305,0.227988090174394,0.296894938324117,0.168438962143769,0.15908124202467,31.8837239106554,38388.8327347358,16831.8055413032,0.452,0.58,0,0.335345983505249,"250500","Brooklyn/Curtis Bay/Hawkins Point",34
"156","24510250102",21229,24510,3193,0.088944566238647,0.247103037895396,0.0466645787660507,0.932978390228625,0.0125274036955841,0.00501096147823364,0.286637931034483,0.129310344827586,0.0533405172413793,0.0597870597870598,0.514332514332514,0.368550368550369,0.0540540540540541,0.00327600327600328,0.235150030618494,0.235762400489896,0.346601347213717,0.0410287813839559,0.141457440293938,29.6285311619167,43249.1842751843,19661.153972154,0.608,0.69,8,0.436487019062042,"250102","Allendale/Irvington/S. Hilton",6
"157","24510160802",21229,24510,3231,0.11637264004952,0.266480965645311,0.0139275766016713,0.974620860414732,0,0.0263076446920458,0.367787255393879,0.0722528850978424,0.0376317109884596,0.06511175898931,0.564625850340136,0.240038872691934,0.115646258503401,0.0145772594752187,0.289205702647658,0.275627970128988,0.240325865580448,0.0482009504412763,0.146639511201629,33.8253172392448,45899.0077745384,21260.8153547133,0.53,0.69,8,0.436487019062042,"160802","Edmondson Village",90
"158","24510200702",21229,24510,1049,0.171591992373689,0.282173498570067,0.0152526215443279,0.966634890371783,0,0,0.326283987915408,0.0392749244712991,0.00755287009063444,0.2541567695962,0.548693586698337,0.197149643705463,0,0,0.0822368421052632,0.490131578947368,0.289473684210526,0,0.138157894736842,39.2983794089609,23104.513064133,12437.809976247,0.476,0.73,8,0.436487019062042,"200702","Allendale/Irvington/S. Hilton",138
"159","24510250101",21229,24510,4427,0.072283713575785,0.28913485430314,0.0822227241924554,0.839394623898803,0.013779082900384,0.00293652586401626,0.340932642487047,0.145077720207254,0.0369602763385147,0.0471821756225426,0.454128440366972,0.349279161205767,0.0989515072083879,0.0504587155963303,0.373126041088284,0.209328151027207,0.254858411993337,0.0471960022209883,0.115491393670183,35.4139597921843,51183.1979030144,24129.0832241153,0.644,0.74,8,0.436487019062042,"250101","Beechfield/Ten Hills/West Hills",5
"160","24510200800",21229,24510,2164,0.112292051756007,0.249075785582255,0.115064695009242,0.869685767097967,0,0.0189463955637708,0.390027322404372,0.129781420765027,0.0484972677595628,0.193247962747381,0.449359720605355,0.29452852153667,0.0628637951105937,0,0.241050119331742,0.27326968973747,0.217183770883055,0.0835322195704057,0.184964200477327,38.36926987061,37794.187427241,19212.6693830035,0.491,0.64,8,0.436487019062042,"200800","Allendale/Irvington/S. Hilton",74
"161","24510160801",21229,24510,3048,0.141076115485564,0.24245406824147,0.00688976377952756,0.972769028871391,0,0.00688976377952756,0.415533980582524,0.161165048543689,0.0262135922330097,0.0594059405940594,0.616336633663366,0.257425742574257,0.0561056105610561,0.0107260726072607,0.186028853454822,0.287015945330296,0.353834472285497,0.0372057706909643,0.135914958238421,39.2760826771654,32071.1559405941,23304.6369636964,0.591,0.69,8,0.436487019062042,"160801","Edmondson Village",86
"162","24510250103",21229,24510,3693,0.180882751150826,0.168155970755483,0.6428378012456,0.282696994313566,0.00189547793122123,0.0774438126184674,0.331262939958592,0.120772946859903,0.041407867494824,0.140663390663391,0.490786240786241,0.247542997542998,0.115479115479115,0.00552825552825553,0.319502074688797,0.205394190871369,0.217842323651452,0.106500691562932,0.15076071922545,44.5620092066071,37576.101965602,21620.8746928747,0.666,0.77,8,0.436487019062042,"250103","Morrell Park/Violetville",9
"163","24510280404",21229,24510,2386,0.133277451802179,0.237636211232188,0.0389773679798826,0.956412405699916,0,0,0.453084832904884,0.123393316195373,0.0604113110539846,0.167785234899329,0.416107382550336,0.3165548098434,0.087248322147651,0.0123042505592841,0.269932756964457,0.238232468780019,0.355427473583093,0.037463976945245,0.0989433237271854,32.9902766135792,40157.5928411633,20816.4340044743,0.614,0.68,8,0.436487019062042,"280404","Allendale/Irvington/S. Hilton",47
"164","24510280402",21229,24510,1762,0.173098751418842,0.15266742338252,0.00851305334846765,0.955732122587968,0,0.00737797956867196,0.342835708927232,0.108027006751688,0.0690172543135784,0.0808823529411765,0.633823529411765,0.236764705882353,0.0485294117647059,0,0.166042446941323,0.275905118601748,0.363295880149813,0.052434456928839,0.142322097378277,44.4186152099887,40900.0823529412,19502.4941176471,0.652,0.83,8,0.436487019062042,"280402","Edmondson Village",155
"165","24510200701",21229,24510,5109,0.131728322568017,0.261499314934429,0.0170287727539636,0.95302407516148,0,0.0230964963789391,0.341441167528124,0.061112800243235,0.0179385831559745,0.128739316239316,0.555021367521368,0.270299145299145,0.0422008547008547,0.00373931623931624,0.232389730085583,0.315997366688611,0.257406188281764,0.0566161948650428,0.137590520078999,36.9917792131533,36048.4455128205,16474.8146367521,0.56,0.77,8,0.436487019062042,"200701","Allendale/Irvington/S. Hilton",66
"166","24510280401",21229,24510,3693,0.141348497156783,0.191443271053344,0.135391280801516,0.829406986190089,0,0.0154346060113729,0.304364043267438,0.272659455427079,0.1130175307721,0.0428954423592493,0.425603217158177,0.329758713136729,0.184316353887399,0.017426273458445,0.388577827547592,0.142217245240761,0.314669652855543,0.0341545352743561,0.120380739081747,41.8688058489033,56972.1333780161,28104.1387399464,0.734,0.75,8,0.436487019062042,"280401","Beechfield/Ten Hills/West Hills",43
"167","24510200600",21229,24510,2604,0.134408602150538,0.19815668202765,0.331413210445469,0.587557603686636,0,0.0341781874039939,0.320559295701709,0.113930605903677,0.0714655618850337,0.0653442240373396,0.520420070011669,0.323220536756126,0.0723453908984831,0.0186697782963827,0.22168905950096,0.263915547024952,0.293666026871401,0.09021113243762,0.130518234165067,37.5506144393241,29998.0280046674,17503.1668611435,0.473,0.66,8,0.436487019062042,"200600","Allendale/Irvington/S. Hilton",178
"168","24510280403",21229,24510,6001,0.0913181136477254,0.259790034994168,0.249458423596067,0.730544909181803,0,0.0264955840693218,0.328273244781784,0.264299268094335,0.132556248305774,0.0401841774801172,0.38970280452072,0.391795730431143,0.133528673084973,0.0447886144830473,0.277524429967427,0.334527687296417,0.253420195439739,0.0469055374592834,0.0876221498371336,32.9904515914014,62276.8455420678,31076.8760987861,0.636,0.72,8,0.436487019062042,"280403","Beechfield/Ten Hills/West Hills",46
"169","24510250205",21230,24510,4489,0.0512363555357541,0.255067943862776,0.333927378035197,0.578525284027623,0.0599242593005124,0.057919358431722,0.371980676328502,0.134230503795721,0.0417529330572809,0.076379974326059,0.494223363286264,0.356225930680359,0.0731707317073171,0,0.193427230046948,0.369953051643192,0.244131455399061,0.0629107981220657,0.129577464788732,32.75974604589,47109.4897304236,19813.7227214377,0.524,0.61,8,0.444436997175217,"250205","Westport/Mount Winans/Lakeland",98
"170","24510210200",21230,24510,2888,0.0948753462603878,0.171052631578947,0.367728531855956,0.57409972299169,0.0193905817174515,0.0356648199445983,0.290097629009763,0.256624825662483,0.115760111576011,0.254224270353303,0.36405529953917,0.216589861751152,0.146697388632873,0.0184331797235023,0.489677952105698,0.175061932287366,0.206440957886045,0.0346820809248555,0.0941370767960363,36.668040166205,20531.0069124424,25021.0829493088,0.551,0.66,8,0.444436997175217,"210200","Pigtown/Carroll Park",119
"171","24510240300",21230,24510,1996,0.0445891783567134,0.0841683366733467,0.875751503006012,0.0415831663326653,0.0551102204408818,0.0521042084168337,0.0960244648318043,0.742507645259939,0.335779816513761,0.0619389587073609,0.145421903052065,0.344703770197487,0.29802513464991,0.149910233393178,0.769601100412655,0.0550206327372765,0.147867950481431,0.0130674002751032,0.0144429160935351,33.6441382765531,90216.7001795332,64347.8267504488,0.707,0.8,8,0.444436997175217,"240300","Inner Harbor/Federal Hill",3
"172","24510240200",21230,24510,3233,0.1023816888339,0.0850603154964429,0.825239715434581,0.084751005258274,0.0408289514382926,0.0411382616764615,0.104688050757843,0.762072611913994,0.379273880860063,0.0177696078431373,0.134803921568627,0.240196078431373,0.323529411764706,0.283700980392157,0.801282051282051,0.0311965811965812,0.141880341880342,0.0141025641025641,0.0115384615384615,36.0163625115991,130235.294117647,87836.3308823529,0.704,0.75,8,0.444436997175217,"240200","Inner Harbor/Federal Hill",121
"173","24510240400",21230,24510,2985,0.0683417085427136,0.116917922948074,0.904857621440536,0.00368509212730318,0.0351758793969849,0.0626465661641541,0.129289704708699,0.685953711093376,0.327214684756584,0.00887096774193548,0.118548387096774,0.329032258064516,0.47741935483871,0.0661290322580645,0.751630941286114,0.0726933830382106,0.143056849953402,0.0116495806150979,0.0209692451071761,31.0145393634841,104413.306451613,50164.75,0.753,0.81,8,0.444436997175217,"240400","South Baltimore",13
"174","24510220100",21230,24510,4196,0.151811248808389,0.0958055290753098,0.752621544327931,0.144899904671115,0.0414680648236416,0.0543374642516683,0.128591749644381,0.658036984352774,0.366429587482219,0.0559090909090909,0.340454545454545,0.183181818181818,0.257272727272727,0.163181818181818,0.743184512050573,0.0205452390359542,0.216515211378902,0.00513630975898854,0.0146187277755828,41.6085557673975,62743.78,63814.8036363636,0.651,0.73,8,0.444436997175217,"220100","Inner Harbor/Federal Hill",113
"175","24510250301",21230,24510,2346,0.0822676896845695,0.331202046035806,0.0835464620630861,0.914322250639386,0,0.0140664961636829,0.372661870503597,0.0712230215827338,0.0201438848920863,0.272401433691756,0.387096774193548,0.318996415770609,0.021505376344086,0,0.286501377410468,0.28236914600551,0.198347107438017,0.0633608815426997,0.169421487603306,32.8941176470588,30721.8494623656,15115.4946236559,0.512,0.6,8,0.444436997175217,"250301","Westport/Mount Winans/Lakeland",199
"176","24510240100",21230,24510,3118,0.0679923027581783,0.13951250801796,0.922065426555484,0.0224502886465683,0.0304682488774856,0.0327132777421424,0.0909797822706065,0.699066874027994,0.276438569206843,0.0653061224489796,0.181632653061225,0.186394557823129,0.35578231292517,0.210884353741497,0.68001907486886,0.0247973295183596,0.239389604196471,0.0162136385312351,0.0395803528850739,34.6289288005132,120487.578231293,67644.6693877551,0.719,0.78,8,0.444436997175217,"240100","South Baltimore",117
"177","24510210100",21230,24510,2376,0.047979797979798,0.175925925925926,0.313552188552189,0.644360269360269,0.0260942760942761,0.0315656565656566,0.230138713745271,0.418663303909206,0.159520807061791,0.135437881873727,0.369653767820774,0.246435845213849,0.221995926680244,0.0264765784114053,0.529961089494163,0.157198443579767,0.230350194552529,0.0140077821011673,0.0684824902723735,30.1757575757576,46025.4857433809,27928.1303462322,0.577,0.66,8,0.444436997175217,"210100","Pigtown/Carroll Park",111
"178","24510230200",21230,24510,2245,0.0543429844097996,0.110022271714922,0.828062360801782,0.105122494432071,0.0298440979955457,0.0846325167037862,0.119108280254777,0.714012738853503,0.273248407643312,0.0405539070227498,0.155291790306627,0.295746785361029,0.409495548961424,0.0989119683481701,0.649851632047478,0.0789317507418398,0.129970326409496,0.0166172106824926,0.124629080118694,29.0443652561247,102121.675568744,53182.4233432245,0.666,0.7,8,0.444436997175217,"230200","Inner Harbor/Federal Hill",30
"179","24510230300",21230,24510,1254,0.0550239234449761,0.0334928229665072,0.920255183413078,0.0382775119617225,0.0239234449760766,0.0390749601275917,0.100478468899522,0.708133971291866,0.272727272727273,0.0383275261324042,0.177700348432056,0.259581881533101,0.411149825783972,0.113240418118467,0.748490945674044,0.0503018108651912,0.177062374245473,0.0110663983903421,0.0130784708249497,29.6131578947368,104338.520905923,55249.5191637631,0.667,0.71,8,0.444436997175217,"230300","South Baltimore",115
"180","24510230100",21230,24510,1850,0.0491891891891892,0.162702702702703,0.569189189189189,0.35027027027027,0.0545945945945946,0.0297297297297297,0.226646248085758,0.535987748851455,0.196784073506891,0.057516339869281,0.367320261437909,0.22875816993464,0.279738562091503,0.0666666666666667,0.570915619389587,0.218132854578097,0.162477558348294,0.0296229802513465,0.018850987432675,29.0735135135135,77516.0653594771,39468.7320261438,0.612,0.65,8,0.444436997175217,"230100","Inner Harbor/Federal Hill",127
"181","24510250303",21230,24510,2141,0.116300794021485,0.2274638019617,0.637085474077534,0.230266230733302,0.0574497898178421,0.107426436244745,0.378828229027963,0.111185086551265,0.0466045272969374,0.164399092970522,0.512471655328798,0.165532879818594,0.1281179138322,0.0294784580498866,0.166322314049587,0.18801652892562,0.422520661157025,0.113636363636364,0.109504132231405,37.5179355441383,20218.7437641723,23249.8083900227,0.493,0.71,8,0.444436997175217,"250303","Morrell Park/Violetville",2
"182","24510250206",21230,24510,1827,0.121510673234811,0.14176245210728,0.805145046524357,0.166392993979201,0.0136836343732895,0.0875752599890531,0.388666666666667,0.09,0.024,0.086374695863747,0.490267639902676,0.215328467153285,0.208029197080292,0,0.22108843537415,0.0986394557823129,0.340136054421769,0.180272108843537,0.159863945578231,42.6355227148331,44877.795620438,27693.2919708029,0.582,0.75,8,0.444436997175217,"250206","Morrell Park/Violetville",197
"183","24510060300",21231,24510,1944,0.0612139917695473,0.218106995884774,0.451646090534979,0.462448559670782,0.0308641975308642,0.0843621399176955,0.178599527930763,0.51219512195122,0.245476003147128,0.0664112388250319,0.384418901660281,0.293742017879949,0.176245210727969,0.0791826309067688,0.535344015080113,0.214891611687088,0.162111215834119,0.05937794533459,0.0282752120640905,30.9633744855967,55897.0587484036,34789.8237547893,0.611,0.64,6,0.446885973215103,"060300","Patterson Park North & East",17
"184","24510060400",21231,24510,1295,0.163706563706564,0.0656370656370656,0.256370656370656,0.691119691119691,0.0347490347490347,0.0177606177606178,0.246515679442509,0.398954703832753,0.192508710801394,0.206896551724138,0.363505747126437,0.160919540229885,0.26867816091954,0,0.508172362555721,0.230312035661218,0.208023774145617,0,0.0534918276374443,45.1403861003861,14388.8692528736,32133.275862069,0.6,0.65,6,0.446885973215103,"060400","Oldtown/Middle East",24
"185","24510030100",21231,24510,3424,0.0417640186915888,0.244450934579439,0.230724299065421,0.707651869158878,0.0137266355140187,0.131133177570093,0.304757418747056,0.21431935939708,0.0814884597268017,0.196663740122915,0.457418788410887,0.251097453906936,0.0948200175592625,0,0.440664556962025,0.28006329113924,0.171677215189873,0.0759493670886076,0.0316455696202532,28.3794976635514,33544.3204565408,15815.1343283582,0.407,0.57,6,0.446885973215103,"030100","Harbor East/Little Italy",179
"186","24510010500",21231,24510,1743,0.057372346528973,0.12679288582903,0.922547332185886,0.0327022375215146,0.0160642570281124,0.0728628800917958,0.136842105263158,0.704561403508772,0.428771929824561,0.0352020860495437,0.258148631029987,0.284224250325945,0.33767926988266,0.0847457627118644,0.802793755135579,0.0838126540673788,0.101068200493016,0.00164338537387017,0.0106820049301561,31.3773379231211,92422.5736636245,49055.4641460235,0.688,0.67,6,0.446885973215103,"010500","Fells Point",167
"187","24510020100",21231,24510,1807,0.0520199225235196,0.128942999446597,0.746541228555617,0.0802434975096846,0.0265633646928611,0.129496402877698,0.100137174211248,0.724279835390947,0.366941015089163,0.0449704142011834,0.23905325443787,0.362130177514793,0.279289940828402,0.0745562130177515,0.645186953062848,0.100238663484487,0.145584725536993,0.0620525059665871,0.0469371519490851,31.3679579413392,77637.4863905325,47421.4319526627,0.668,0.7,6,0.446885973215103,"020100","Fells Point",170
"188","24510020200",21231,24510,1798,0.0611790878754171,0.112347052280311,0.735817575083426,0.14349276974416,0.0773081201334817,0.182981090100111,0.125,0.671348314606742,0.291432584269663,0.0443037974683544,0.336708860759494,0.259493670886076,0.336708860759494,0.0227848101265823,0.648604269293924,0.116584564860427,0.118226600985222,0.0738916256157636,0.0426929392446634,29.4013348164627,70435.6632911392,39338.5506329114,0.564,0.6,6,0.446885973215103,"020200","Fells Point",173
"189","24510020300",21231,24510,3827,0.0681996341782075,0.0499085445518683,0.869349359811863,0.0180297883459629,0.0608831983276718,0.0731643585053567,0.0853906476909672,0.749927388905025,0.3720592506535,0.0448780487804878,0.189268292682927,0.259024390243902,0.285365853658537,0.221463414634146,0.765942778352292,0.0768700448121337,0.113753877973113,0,0.0434332988624612,35.7538803240136,102309.397560976,80993.8312195122,0.577,0.7,6,0.446885973215103,"020300","Fells Point",176
"190","24510270501",21234,24510,4008,0.13498003992016,0.204341317365269,0.667914171656687,0.301147704590818,0.0092315369261477,0.0601297405189621,0.332780358327804,0.236230922362309,0.11579296615793,0.0288166768853464,0.336603310852238,0.359901900674433,0.255058246474555,0.0196198651134273,0.37253937007874,0.122047244094488,0.310531496062992,0.123523622047244,0.0713582677165354,43.3406686626747,64538.3212752912,31239.871857756,0.704,0.75,13,0.471717983484268,"270501","Hamilton Hills",36
"191","24510270703",21234,24510,2650,0.132830188679245,0.165283018867925,0.63433962264151,0.326415094339623,0.0177358490566038,0.0418867924528302,0.269116186693148,0.374379344587885,0.0913604766633565,0.0551111111111111,0.316444444444444,0.436444444444444,0.163555555555556,0.0284444444444444,0.443305573350416,0.23126201153107,0.192825112107623,0.101217168481742,0.031390134529148,39.4746037735849,59233.1155555556,30522.3324444444,0.693,0.78,13,0.471717983484268,"270703","Hamilton Hills",100
"192","24510270701",21234,24510,2613,0.0271718331419824,0.229238423268274,0.0474550325296594,0.921928817451205,0,0.0432453119020283,0.373873873873874,0.0945945945945946,0.0304054054054054,0.154106689246401,0.459779847586791,0.331922099915326,0.0279424216765453,0.0262489415749365,0.173314993122421,0.358321870701513,0.314993122420908,0.0440165061898212,0.109353507565337,31,41549,22898,0.489,0.57,13,0.471717983484268,"270701","Hamilton Hills",114
"193","24510270902",21239,24510,5567,0.137237291180169,0.170648464163823,0.0531704688342015,0.907849829351536,0.0141907670199389,0.0120352074726064,0.389793702497286,0.228013029315961,0.086138255519363,0.0429799426934097,0.36676217765043,0.411174785100287,0.151862464183381,0.0272206303724928,0.379851722634104,0.18927169646751,0.30745747928478,0.0161360662887048,0.107283035324902,30.6215735584696,60314.1697707736,20936.7671919771,0.73,0.86,2,0.416045993566513,"270902","Northwood",160
"194","24510270901",21239,24510,4074,0.166421207658321,0.196858124693176,0.0277368679430535,0.960481099656357,0,0.0198821796759941,0.306511976047904,0.175523952095808,0.0797155688622754,0.0432663010359537,0.471663619744059,0.339427178549665,0.140158439975625,0.00548446069469835,0.273058884835852,0.265763418447108,0.28764981761334,0.0317873892652423,0.141740489838458,36.9460972017673,47161.7659963437,25936.5155393053,0.653,0.78,2,0.416045993566513,"270901","Northwood",157
"195","24510270802",21239,24510,5775,0.10961038961039,0.242597402597403,0.0405194805194805,0.923116883116883,0.00640692640692641,0.0332467532467532,0.435427338905365,0.0984092747371259,0.045564842275546,0.0665451230628988,0.444849589790337,0.357338195077484,0.0970829535095716,0.0341841385597083,0.171549730146492,0.380493446414803,0.222050886661527,0.0774865073245952,0.148419429452583,36.1772813852814,46529.7584320875,32393.5391978122,0.681,0.77,2,0.416045993566513,"270802","Loch Raven",104
"196","24510270801",21239,24510,4330,0.0993071593533487,0.248498845265589,0.107390300230947,0.843418013856813,0.00646651270207852,0.0187066974595843,0.32488397001071,0.232416993930739,0.0956801142449125,0.0743801652892562,0.40495867768595,0.389701207883026,0.12396694214876,0.00699300699300699,0.330004755111745,0.281027104136947,0.256776034236805,0.0518307180218735,0.0803613884926296,36.7787066974596,50674.6185632549,22394.8900190718,0.677,0.79,2,0.416045993566513,"270801","Loch Raven",96
"197","24510270803",21239,24510,6950,0.138992805755396,0.186906474820144,0.076978417266187,0.891942446043165,0.0238848920863309,0.00733812949640288,0.332620320855615,0.251550802139037,0.0814973262032086,0.10498595505618,0.410814606741573,0.383075842696629,0.0972612359550562,0.0038623595505618,0.294841134267168,0.199521694567817,0.303382302699009,0.0553467714383328,0.146908097027673,40.9494100719424,46303.2724719101,24348.8068820225,0.665,0.79,2,0.416045993566513,"270803","Loch Raven",151
"198","24510280600",NA,NA,NA,NA,NA,NA,NA,NA,NA,NA,NA,NA,NA,NA,NA,NA,NA,NA,NA,NA,NA,NA,NA,NA,NA,NA,NA,NA,NA,"280600","Poppleton/The Terraces/Hollins Market",25
"199","24510250600",NA,NA,NA,NA,NA,NA,NA,NA,NA,NA,NA,NA,NA,NA,NA,NA,NA,NA,NA,NA,NA,NA,NA,NA,NA,NA,NA,NA,NA,"250600","Brooklyn/Curtis Bay/Hawkins Point",35
