Month,Container Tons,Auto Tons,Ro/Ro Tons (excl. autos),Forest Products (Break Bulk),Steel & other metals Break Bulk Tons,other Break Bulk Tons,Total General Cargo Tons,Import Loaded TEUs,Export Loaded TEUs,Total Loaded TEUs,Import Empty TEUs,Export Empty TEUs,Total Empty TEUs,Total TEUs,Total Containers,Import Auto Units,Export Auto Units,Total Auto UNITS,Import Ro/Ro Tons,Export Ro/Ro Tons
Jan 1998,360095,18386,32967,54189,15705,27515,508857,16051,17418,33469,3199,1436,4635,38104,23789,9452,2391,11843,22160,10807
Feb 1998,359722,20085,37156,42726,13805,31879,505373,16228,16846,33074,3045,2056,5101,38175,23874,11206,1393,12599,23405,13751
Mar 1998,377748,27610,57077,43910,10344,31001,547690,18577,18570,37147,5906,3525,9431,46578,28926,14570,2967,17537,40470,16607
Apr 1998,377397,21900,56087,48180,5663,33094,542321,17777,18157,35934,2712,3070,5769,41703,25985,11715,2342,14057,39312,16775
May 1998,382760,25824,40905,25530,4022,37509,516550,18178,17104,35282,2407,3242,5626,40908,26250,15081,1790,16871,28865,12040
Jun 1998,352392,17489,48952,53063,6269,27930,506095,17330,16534,33864,2334,2767,5101,38965,24525,9335,2030,11365,30161,18791
Jul 1998,357057,25671,49305,41792,7962,30969,512756,19906,15814,35720,1585,3952,5573,41293,25805,13087,3387,16474,34298,15007
Aug 1998,326098,24566,35679,48902,1076,31797,468118,17360,14429,31789,1106,3566,4672,36461,22828,13548,2348,15896,23433,12246
Sep 1998,347255,25921,36486,33705,4897,23785,472049,18461,15526,33987,1632,6059,7691,41678,26279,10979,5544,16523,21869,14599
Oct 1998,341109,23317,40906,38134,7629,27885,478980,17063,15224,32287,1632,3843,5475,37762,23676,10751,4269,15020,25648,15258
Nov 1998,363909,27243,31750,36347,6958,22808,489015,18757,16302,35059,1518,6838,8356,43415,27105,11494,5935,17429,20332,11418
Dec 1998,376873,31486,39223,54660,7080,23322,532644,20070,15527,35597,2021,4339,6360,41957,26337,13050,7560,20610,24425,14798
Jan 1999,354061,17850,35342,33616,5232,28549,474650,17146,14473,31619,2480,4543,7023,38642,24408,7992,3643,11635,26034,9308
Feb 1999,337174,23635,43634,55589,6861,25940,492833,17277,15714,32991,1569,4858,6427,39418,24506,12320,3123,15443,34179,9455
Mar 1999,399545,28928,52834,47712,7855,23836,560710,20091,17823,37914,1890,5899,7789,45703,28299,15261,3930,19191,37616,15218
Apr 1999,371764,24752,40378,31617,8428,35673,512612,18310,15205,33515,2019,5137,7156,40671,25671,12623,3243,15866,25902,14476
May 1999,367222,36985,58766,77869,6986,33491,581319,18566,15037,33603,848,4584,5432,39035,25163,20535,3739,24274,40542,18224
Jun 1999,404508,25232,43211,44442,6519,28429,552341,21993,15778,37771,1428,5186,6614,44385,28125,12682,3740,16422,29814,13397
Jul 1999,356406,32392,42511,78138,7396,27814,544657,20444,14193,34637,1050,5255,6305,40942,25905,16668,3894,20562,27327,15184
Aug 1999,405548,24518,28162,74057,4096,29092,565473,22174,16846,39020,444,8376,8820,47840,30191,12302,3577,15879,16620,11542
Sep 1999,336656,24752,29912,73051,5815,36268,506454,18886,13068,31954,356,5225,5581,37535,23815,13347,2783,16130,19498,10414
Oct 1999,363451,23242,32299,95893,5942,28368,549195,18725,15274,33999,617,5693,6310,40309,25580,13155,1786,14941,19144,13155
Nov 1999,376080,35866,33169,46174,8136,33770,533195,18659,15737,34396,1189,5778,6967,41363,26399,21659,1671,23330,22290,10879
Dec 1999,368074,30696,26146,75931,8697,29213,538757,19587,14985,34572,1350,6320,7670,42242,26977,17965,1902,19867,18310,7836
Jan 2000,346894,20330,30819,76607,5911,25355,505916,17691,13257,30948,452,4455,4907,35855,23459,10855,2351,13206,21106,9713
Feb 2000,362398,25341,35402,48771,7514,26354,505780,18506,15337,33843,682,6199,6881,40724,26161,14087,2463,16550,25159,10243
Mar 2000,395585,30490,56690,96216,12214,25242,616437,19581,17051,36632,1001,7110,8111,44743,28755,17220,2527,19747,40023,16667
Apr 2000,370667,25894,45500,37352,8744,22536,510693,19756,14479,34235,648,6355,7003,41238,26979,14616,1956,16572,29288,16212
May 2000,408851,30507,46819,36202,8188,29834,560401,22278,15821,38099,396,5886,6282,44381,28506,17298,2590,19888,34962,11857
Jun 2000,375913,23054,40137,80600,5380,21575,546659,21290,14253,35543,372,6565,6937,42480,27416,13383,1713,15096,29101,11036
Jul 2000,361631,26644,35739,55915,5515,21284,506728,22118,13194,35312,418,9426,9744,45056,28923,16564,1543,18107,25488,10251
Aug 2000,382889,26503,31150,55499,5408,19972,521421,21174,16625,37799,496,11539,12035,49834,31757,15318,1886,17204,22513,8637
Sep 2000,338051,21802,24420,58005,5135,18233,465646,18597,12962,31559,570,8569,9139,40698,26185,11237,2859,14096,16749,7671
Oct 2000,374474,26348,26648,64218,5110,19272,516070,18806,15878,34684,415,5676,6091,40775,26569,14634,2093,16727,16147,10501
Nov 2000,360281,26189,33085,50362,5463,23282,498662,17829,14822,32651,286,4546,4832,37483,23967,14805,2071,16876,23566,9520
Dec 2000,320511,27122,32480,66836,5026,25718,477693,15641,13358,28999,518,5249,5767,34766,22349,15604,1553,17157,23351,9128
Jan 2001,341900,19205,26003,68062,4305,25393,484868,17035,13552,30587,374,8586,8960,39547,25662,10349,1440,11789,18581,7422
Feb 2001,328756,25520,38329,72940,7743,19520,492808,15997,13671,29668,1643,5823,7466,37134,24210,15786,886,16672,28973,9357
Mar 2001,398778,30726,44781,93516,8116,21707,597624,19469,15076,34545,562,9241,9803,44348,28501,17866,1351,19217,33499,11282
Apr 2001,355995,26120,45892,75169,5662,18011,526849,18784,13064,31848,830,7216,8046,39894,25558,14970,1530,16500,32165,13727
May 2001,361264,30828,40900,85572,3303,24601,546468,19004,13328,32332,719,7837,8556,40888,26279,17498,2398,19896,31900,9000
Jun 2001,308059,22168,34503,67334,4205,15947,452216,16779,11856,28635,377,7037,7414,36049,23358,12220,2223,14443,25403,9100
Jul 2001,356421,31347,36434,82353,6009,24774,537338,21231,12196,33427,619,10022,10641,44068,28333,18579,1665,20244,25223,11211
Aug 2001,342571,30005,32388,89428,13197,24575,532164,18969,12049,31018,823,9512,10335,41353,26280,17792,1422,19214,23252,9136
Sep 2001,301178,27959,26427,60855,1875,15134,433428,16517,10459,26976,395,6946,7341,34317,22067,15986,1887,17873,17088,9339
Oct 2001,351597,33420,29170,89563,2862,21850,528462,18916,12481,31397,697,9916,10613,42010,26601,19842,1700,21542,20979,8191
Nov 2001,328786,40871,30812,76366,2285,22286,501406,17025,12029,29054,530,8319,8849,37903,24404,22480,3573,26053,20591,10221
Dec 2001,348097,33087,27443,82800,4180,16355,511962,17981,12432,30413,261,8120,8381,38794,25071,19570,1754,21324,21390,6053
Jan 2002,329424,21506,24173,76948,1659,17685,471395,17887,11170,29057,150,10146,10296,39353,25301,11926,1736,13662,17729,6444
Feb 2002,330168,29810,32913,90035,3358,11065,497349,17180,12072,29252,336,6100,6436,35688,22823,16791,1971,18762,21470,11443
Mar 2002,356125,39222,47061,96185,4910,16571,560074,17594,13251,30845,697,8355,9052,39897,25878,21460,3879,25339,35754,11307
Apr 2002,351590,30498,39894,89870,4568,16330,532750,18929,12028,30957,300,7187,7487,38444,24660,17326,1965,19291,29981,9913
May 2002,402023,36602,45602,103167,7381,22080,616855,22031,13775,35806,318,8148,8466,44272,28494,21670,1886,23556,31292,14310
Jun 2002,357636,30108,43087,82994,4175,17066,535066,20196,11748,31944,415,9273,9688,41632,26483,16318,3185,19503,28080,15007
Jul 2002,386425,36105,42750,128418,5879,26096,625673,24264,11177,35441,396,14820,15216,50657,32206,20863,2390,23253,30500,12250
Aug 2002,391668,36572,34953,99737,4113,22453,589496,23481,12545,36026,379,11699,12078,48104,30812,20894,2256,23150,24125,10828
Sep 2002,375623,32723,26212,105211,2589,18823,561181,21781,12517,34298,258,11923,12181,46479,30002,18618,2939,21557,15330,10882
Oct 2002,353817,44314,28978,94271,5870,20003,547253,19638,12463,32101,307,7875,8182,40283,25670,25577,2854,28431,20198,8780
Nov 2002,365305,48580,26939,116647,7558,18865,583894,19889,13114,33003,305,7631,7936,40939,26247,28440,2221,30661,18483,8456
Dec 2002,367879,58518,30972,78432,9924,19800,565525,20589,12516,33105,272,8871,9143,42248,26992,35347,1522,36869,22388,8584
Jan 2003,382080,38744,25450,112026,5876,20146,584322,20773,13519,34292,502,10195,10697,44989,28769,21531,2903,24434,18371,7079
Feb 2003,311615,35165,27103,88035,6674,14665,483257,16321,11030,27351,216,3919,4135,31486,20169,20075,1945,22020,17829,9274
Mar 2003,449017,53609,43962,123287,7542,27530,704947,22747,16056,38803,327,8162,8489,47292,30852,29081,4004,33085,30704,13258
Apr 2003,383431,41565,44304,92937,6996,18000,587233,19447,13719,33166,704,9656,10360,43526,28129,21762,3866,25628,32603,11701
May 2003,405282,39336,35196,113297,8404,18744,620259,21143,13547,34990,153,8479,8632,43622,28302,21834,2972,24806,22109,13087
Jun 2003,385188,38829,44670,114554,5131,16957,605329,20866,13617,34483,158,11903,12061,46544,29814,19978,4115,24093,28451,16219
Jul 2003,417663,54360,49035,76120,10067,26058,633303,24661,13063,37724,226,9109,9335,47059,30159,30478,3675,34153,31684,17351
Aug 2003,386936,30339,35394,74587,4920,18298,550474,22024,12907,34931,90,11648,11738,46669,29390,16465,2573,19038,22802,12592
Sep 2003,366303,44701,26273,113053,10062,24265,584657,21631,12536,34167,85,9513,9598,43765,27812,24136,4249,28385,18400,7873
Oct 2003,392486,42386,36196,106906,8885,25202,612061,20685,14307,34992,251,10525,10774,45766,28603,23474,3406,26880,20714,15482
Nov 2003,358786,44521,30463,103525,5845,16210,559350,19408,12988,32196,360,8139,8499,40695,25725,24028,3150,27178,19819,10644
Dec 2003,421227,58322,46631,80007,9081,23629,638897,23215,14510,37725,418,9340,9758,47483,30215,33756,3407,37163,31362,15269
Jan 2004,345814,31152,41082,90667,10510,23822,543047,17803,12765,30568,86,7901,7987,38555,24535,15707,3511,19218,28168,12914
Feb 2004,377593,52866,47362,107027,9354,18994,613196,19666,13297,32963,230,6358,6588,39551,25266,30788,2406,33194,25069,22293
Mar 2004,374722,37653,68690,119172,9699,17320,627256,19492,13249,32741,132,8969,9101,41842,26962,20043,3036,23079,46601,22089
Apr 2004,448631,43585,74202,62748,11412,19816,660394,23440,14613,38053,183,8867,9050,47103,30596,24121,3322,27443,51218,22984
May 2004,430139,45584,71631,100188,12522,19760,679824,23247,14519,37766,704,11002,11706,49472,32047,24001,3783,27784,43896,27735
Jun 2004,404654,29204,59164,95818,23875,24959,637674,22986,12806,35792,769,9941,10710,46502,29980,14834,3508,18342,38748,20416
Jul 2004,405469,41890,74007,103418,10969,29081,664834,24284,12446,36730,120,12896,13016,49746,32018,22871,2237,25108,52738,21269
Aug 2004,433118,36799,45615,110310,5796,21780,653418,24365,12945,37310,143,14934,15077,52387,33960,20044,2646,22690,29904,15711
Sep 2004,425443,35088,42610,93878,7806,21129,625954,23365,12136,35501,169,9221,9390,44891,29470,19849,1983,21832,27960,14650
Oct 2004,412985,56986,47411,105989,11494,19512,654377,22321,13326,35647,112,11310,11422,47069,30469,31395,4880,36275,33186,14225
Nov 2004,411410,51750,44076,78274,12158,19182,616850,23151,13142,36293,112,10224,10336,46629,30402,27263,4123,31386,30406,13670
Dec 2004,417947,53003,65786,109188,8941,33029,687894,23341,13520,36861,134,12955,13089,49950,32444,30382,3357,33739,45246,20540
Jan 2005,433210,44334,54093,68423,10237,15502,625799,23962,13872,37834,59,10800,10859,48693,31135,25709,2248,27957,30026,24067
Feb 2005,434370,35265,61171,108047,10999,18727,668579,23115,15132,38247,205,10859,11064,49311,31519,19371,3082,22453,43142,18029
Mar 2005,436295,46989,98747,118985,12252,23794,737062,22473,15539,38012,389,11191,11580,49592,32327,24424,5096,29520,61196,37551
Apr 2005,489400,34507,85181,90744,11227,19109,730168,25146,16934,42080,134,8050,8184,50264,32557,17666,3753,21419,57241,27940
May 2005,485883,41932,82413,84320,8716,23219,726483,25616,16534,42150,251,8950,9201,51351,33038,21293,5162,26455,53107,29306
Jun 2005,471288,33952,87721,71290,10507,26230,700988,25911,15095,41006,103,10809,10912,51918,33670,16674,4679,21353,58646,29075
Jul 2005,458400,36310,60556,54356,9574,19150,638346,26371,14563,40934,29,15491,15520,56454,36184,18590,3840,22430,39598,20958
Aug 2005,442559,34116,51367,69928,7819,19535,625324,24135,15689,39824,851,10943,11794,51618,33686,17897,3132,21029,34149,17218
Sep 2005,420599,39230,52384,99067,10564,27479,649323,23342,14392,37734,330,12376,12706,50440,32203,20812,3791,24603,35804,16580
Oct 2005,455396,47828,45250,108231,9546,21337,687588,24749,15276,40025,116,11018,11134,51159,32725,25352,4583,29935,26668,18582
Nov 2005,437218,56105,53401,83529,9252,23637,663142,23442,14237,37679,197,6652,6849,44528,28816,29949,4341,34290,32199,21202
Dec 2005,403137,45224,48855,99427,12142,20758,629543,21751,14103,35584,110,11422,11532,47116,31119,24158,3669,27827,31092,17763
Jan 2006,482149,34841,52067,80193,9544,30497,689291,26485,14594,41079,206,9360,9566,50645,32506,19199,2430,21629,27908,24159
Feb 2006,423518,36796,71167,84788,14397,25958,656624,21161,15338,36499,135,11303,11438,47937,30873,18724,3951,22675,44665,26502
Mar 2006,488390,35904,86143,98545,14075,31960,755017,23793,17784,41577,240,10790,11031,52608,33319,17523,4999,22522,53673,32470
Apr 2006,502709,42314,84662,103149,8545,23917,765296,25673,16880,42553,131,10333,10464,53017,34851,19626,6396,26022,56453,28209
May 2006,499247,51811,83802,90851,12963,39822,778496,26444,16533,42977,289,11753,12042,55019,35889,25682,7160,32842,56069,27733
Jun 2006,457741,36628,79896,92456,10245,25393,702359,24374,15322,39696,663,12383,13046,52742,34680,16623,6568,23191,54626,25270
Jul 2006,497144,47723,62367,112768,10290,21567,751859,28152,15333,43485,261,12473,12734,56219,36724,23989,6068,30057,42126,20241
Aug 2006,441093,38187,72545,89270,7750,30840,679685,24889,14411,39300,98,12458,12556,51856,33939,17420,6650,24070,46309,26236
Sep 2006,419716,46572,46148,91184,8841,17824,630285,22703,14064,36767,367,9525,9892,46659,30421,20165,10294,30459,28133,18015
Oct 2006,459298,45932,57768,91033,10350,18732,683113,24267,15987,40254,183,12603,12786,53040,34335,21919,6850,28769,32182,25586
Nov 2006,518939,47747,53755,90222,10400,19874,740937,26352,17457,43809,282,10993,11275,55084,36119,20474,8864,29338,28971,24784
Dec 2006,500067,50441,58211,75361,13940,24039,722059,25075,18184,43259,714,9039,9753,53012,34220,24173,7295,31468,30918,27293
Jan 2007,468025,43261,46462,49038,7694,22412,636892,23387,16890,40277,181,11653,11834,52111,33574,19177,7334,26511,19499,26963
Feb 2007,426123,53093,66276,104561,11704,23985,685742,21884,14943,36827,65,8435,8500,45327,28889,21150,7835,28985,31835,34496
Mar 2007,476111,63931,81673,98251,15476,19608,755050,23140,18635,41775,451,8060,8511,50286,31875,25066,10230,35296,38983,42997
Apr 2007,480848,53777,75021,93599,10135,23868,737248,23249,18073,41322,1267,8517,9784,51106,33816,17219,11933,29152,33892,42188
May 2007,454562,52107,87008,126475,14156,35986,770294,23072,17107,40179,585,8595,9180,49359,31785,14456,14783,29239,39096,48449
Jun 2007,511726,57208,62852,99241,8714,17361,757102,25642,18427,44069,904,8908,9812,53881,34666,15733,15854,31587,27458,35453
Jul 2007,483970,62772,73070,97892,10376,24310,752390,26039,17113,42852,349,9884,10233,53085,34218,22071,11829,33900,35179,37899
Aug 2007,489026,55164,72829,105135,7787,21764,751705,26129,17067,43196,271,9972,10243,53439,34564,20470,9756,30226,29496,43495
Sep 2007,470483,53778,65668,88302,8607,17239,704077,24320,17563,41883,140,9052,9192,51075,32732,18989,11526,30515,27824,38095
Oct 2007,506223,64437,68403,93174,8726,20199,761162,24300,19645,43945,817,7641,8458,52403,33457,22734,12170,34904,27409,41214
Nov 2007,463644,55483,69398,104875,7414,15364,716178,21636,18492,40128,2188,6701,8889,49017,31687,17784,13229,31013,24550,44848
Dec 2007,455629,63897,61705,83131,5571,21110,691043,21768,17388,39158,2968,6868,9836,48994,31148,23438,11664,35102,25014,36691
Jan 2008,513042,41723,77572,98464,6967,31034,768802,24950,18794,43744,2056,9501,11557,55301,35433,13949,9865,23814,26890,50682
Feb 2008,487246,58364,82791,65837,9689,18196,722123,23241,18679,41919,995,7228,8223,50142,31940,21727,10415,32142,27510,55281
Mar 2008,499637,70111,97806,128105,6711,19786,822156,23189,18994,42183,948,6790,7738,49921,32340,23252,13382,36634,36588,61218
Apr 2008,482604,59632,111209,104820,6616,18497,783378,22550,18691,41243,978,4816,5794,47037,30195,19963,13323,33286,42829,68380
May 2008,526554,56600,81806,110498,6507,14119,796084,24180,19724,43904,1459,6420,7879,51783,34265,18869,13097,31966,29462,52344
Jun 2008,519563,65352,90798,95720,6556,16235,794224,24569,20020,44589,457,7759,8216,52805,34247,22062,15160,37222,37495,53303
Jul 2008,499340,67365,88611,90235,7675,23423,776649,25336,18330,43666,606,7883,8489,52155,33907,25915,11637,37552,37799,50812
Aug 2008,472758,51155,64079,89020,4364,18070,699446,23905,17464,41405,609,9418,10027,51432,33501,22293,7940,30233,24473,39606
Sep 2008,501031,49488,65869,123622,4756,20237,765003,27055,17610,44668,413,10808,11221,55889,35973,15410,13292,28702,22405,43464
Oct 2008,447437,61105,77007,97017,6982,20507,710055,21097,15989,39590,1151,8998,10149,49739,32082,18281,16041,34322,30185,46822
Nov 2008,477478,56463,68980,89230,5707,16717,714575,26614,14975,41589,745,10514,11259,52848,33571,17693,14213,31906,26077,42339
Dec 2008,387342,62116,62744,76269,5127,15952,609550,19772,13564,33336,447,10007,10454,43790,27767,20084,14500,34584,23769,38975
Jan 2009,370273,22845,53259,68987,4873,16730,536967,18900,13197,32097,371,7211,7582,39679,25563,9475,4083,13558,23197,30062
Feb 2009,386408,34975,60127,52085,8594,16420,558609,18813,15245,34058,593,5581,6174,40232,24732,9999,9357,19356,23309,36818
Mar 2009,430830,33265,72906,76241,1158,9322,623722,19322,17393,36715,237,4233,4470,41185,25984,11598,7802,19400,30723,42183
Apr 2009,440200,25449,65633,55587,1051,13699,601619,20069,17468,37537,348,4131,4479,42016,26579,7764,6809,14573,25717,39916
May 2009,446503,27334,61647,41097,1548,8059,586188,19372,18080,37452,681,3631,4312,41764,26217,10239,5269,15508,24460,37187
Jun 2009,456450,29757,41517,92645,983,7540,628892,20947,19022,39969,816,3833,4649,44618,27791,14896,2742,17638,15260,26257
Jul 2009,452647,46868,57652,53015,1744,9984,621910,23124,17673,40797,855,3417,4272,45069,28218,21993,4712,26705,21119,36533
Aug 2009,468720,34482,37277,94331,12,7223,642045,22514,19619,42133,687,4439,5126,47259,29571,14394,4756,19150,12386,24891
Sep 2009,429915,49482,34203,90536,587,7461,612184,21309,17282,38591,652,7282,7934,46525,29279,19286,8196,27482,11082,23121
Oct 2009,433895,62776,34356,67316,980,6709,606032,20817,17016,37833,1299,7250,8549,46382,29204,25426,8629,34055,12180,22176
Nov 2009,468784,58779,36111,82052,300,7094,653120,21710,17871,39581,666,5453,6119,45700,28779,21620,9856,31476,13532,22579
Dec 2009,463555,66541,43614,70149,2093,11216,657168,22301,16613,38914,776,5157,5933,44847,28477,25506,9956,35462,17227,26387
Jan 2010,403703,46158,34379,81834,574,10426,577074,20547,14837,35384,452,7787,8239,43623,27674,18407,6606,25013,10902,23477
Feb 2010,351623,41149,36383,69856,2208,7089,508308,19661,12236,31899,600,5528,6128,38027,23935,16339,6333,22672,15452,20931
Mar 2010,483444,71618,58387,46453,2462,18235,680599,23092,18381,41473,1095,7607,8702,50175,32029,24785,13268,38053,25351,32918
Apr 2010,491287,55141,57386,90216,3238,14357,711625,23514,19048,42562,246,5394,5640,48202,30629,19785,10356,30142,22735,34651
May 2010,462574,60374,59500,76527,2892,16854,678721,23957,16681,40638,264,7307,7571,48209,30884,21901,10742,32643,24214,35286
Jun 2010,492801,62361,52669,48636,3414,19016,678897,27913,16643,44556,592,12031,12721,57277,36088,22118,11234,33352,22981,29668
Jul 2010,541674,65386,57105,111184,3563,15514,794426,30302,17130,47432,454,15844,16308,63740,39877,24691,10902,35593,26054,31051
Aug 2010,502306,59393,50025,67444,2521,14401,696090,27450,17356,44806,371,12333,12704,57510,36466,23585,9457,33042,22403,27622
Sep 2010,454456,53022,42438,116121,2402,11975,680414,24585,16363,40948,593,9483,10076,51024,32396,17637,10449,28086,19408,23030
Oct 2010,528558,79650,61277,34376,4105,16552,724518,27035,18202,45237,595,9796,10391,55628,35337,31227,11603,42830,27831,33446
Nov 2010,471242,69021,50924,144769,4663,11987,752606,22757,17309,40066,594,7635,8229,48295,30296,25630,11190,36820,23449,27475
Dec 2010,464317,71856,62418,42194,3390,19085,663260,24441,15778,40219,579,8415,8994,49213,31454,25336,13576,38912,30409,32009
Jan 2011,470912,56127,51553,78544,3335,9927,670398,25549,16042,41591,253,10100,10353,51944,32810,24620,6327,30947,26279,25274
Feb 2011,422502,48116,65796,94341,8817,12981,652553,22668,15192,38007,349,8538,8887,46894,29342,16329,9600,25929,33712,26813
Mar 2011,547030,78990,86141,34126,9235,17682,773204,25843,19757,45600,853,8093,8946,54546,34958,29451,12517,41968,42717,43424
Apr 2011,489741,57922,85716,138855,10543,17524,800301,23847,17611,41458,989,5649,6638,48096,30732,18499,13229,31728,36129,49587
May 2011,518225,61784,75873,37733,10897,16833,721345,26060,18077,44137,285,8943,9228,53365,35207,20207,13594,33801,28404,47469
Jun 2011,500045,66177,85150,72117,15901,18097,757487,26904,17283,44187,578,10566,11144,55331,35101,20639,14377,35016,38961,46189
Jul 2011,470765,72807,83221,77357,8408,17357,729915,26436,16240,42676,389,9513,9902,52578,33470,25643,13587,39230,41426,41795
Aug 2011,517324,69956,73532,53517,19237,18645,752211,28870,18131,47001,557,9789,10346,57347,36311,24164,12882,37046,30880,42652
Sep 2011,497261,64578,74304,113739,16854,16312,783048,27143,17134,44277,610,9839,10449,54726,35105,22150,11744,33894,34706,39598
Oct 2011,486685,80012,82599,55012,5333,14405,724046,25165,17631,42796,769,13190,13959,56755,35434,24465,18592,43057,37305,45294
Nov 2011,490068,92640,85081,56822,14427,14499,753537,26257,16491,42748,636,8922,9558,52306,33196,29065,21998,51063,41101,43980
Dec 2011,462651,79138,89709,100660,13721,17748,763627,23007,16547,39554,583,7403,7986,47540,30245,25094,17100,42194,43052,46657
Jan 2012,533403,68468,84385,41087,16511,18635,762489,26665,18685,45350,951,9002,9953,55303,35017,23981,12762,36743,47219,37166
Feb 2012,516808,76175,90788,83988,14962,11701,794422,26681,18153,44834,668,6138,6806,51640,32843,22832,17527,40359,44754,46034
Mar 2012,492796,89946,121113,72569,14436,22926,813786,23034,18054,41088,525,9111,9636,50724,32761,31376,16615,47991,64903,56210
Apr 2012,555803,84933,121407,59528,6857,23994,852522,28135,19316,47601,796,7759,8555,56156,36076,27322,18510,45832,61080,60327
May 2012,555255,72499,97675,76123,25798,18568,845918,28729,19420,48149,1323,8749,10072,58221,36874,20136,17449,37578,50297,47378
Jun 2012,491809,80335,97145,49700,20306,18117,757412,25698,17009,42707,950,10124,11074,53781,33968,23141,20894,44035,44299,52846
Jul 2012,542853,71680,92909,101153,25212,20011,853818,30409,17130,47539,554,13840,14394,61933,39976,24521,13984,38500,54682,38227
Aug 2012,540204,83004,80776,73058,10106,19223,806371,29889,19294,49183,745,13774,14519,63702,39444,28527,16257,44784,46905,33871
Sep 2012,502316,76879,74714,39970,11544,15793,721216,26603,17802,44405,368,10594,10962,55367,34974,23588,17818,41406,36321,38393
Oct 2012,497320,83230,77250,117312,11174,12977,799263,24669,18274,42943,269,9964,10233,53176,33340,24336,18633,42969,38262,38988
Nov 2012,532247,105576,88482,85380,6291,18265,836241,29115,18118,47233,747,9757,10504,57737,35767,33734,22832,56566,42799,45683
Dec 2012,536672,89333,64876,34919,11345,13859,751004,27539,19378,46917,536,12607,13143,60060,37006,30826,15966,46762,31835,31835
Jan 2013,556116,62212,65310,80235,15031,20484,799388,30301,17814,48115,283,11652,11935,60050,36870,17186,16724,33910,28646,36664
Feb 2013,438923,78949,69845,73214,6419,15498,682848,22749,15521,38270,402,8988,9390,47660,29566,25349,17415,42764,32053,37792
Mar 2013,564556,86317,81352,91837,9019,12743,845824,28395,20044,48439,1320,10922,12242,60681,37386,28248,17207,45455,39260,42092
Apr 2013,536864,94189,90063,79139,10598,13760,824613,27214,19064,46278,1028,8390,9418,55696,35155,30195,19226,49421,45104,44959
May 2013,541105,102180,80900,91642,9831,12368,838026,28486,18439,46925,1622,10540,12162,59087,18851,30452,22897,53349,41994,38906
Jun 2013,544902,93041,84002,47553,5841,17195,792534,28545,18698,47243,888,11753,12641,59884,37750,26373,22997,49370,45402,38600
Jul 2013,581616,98598,75151,57476,9061,18073,839975,32633,19111,51744,478,16255,16733,68477,44095,31436,19961,51397,43699,31452
Aug 2013,528484,91438,76187,107177,6339,19066,828691,30737,18801,49538,1009,14311,15320,64858,39727,27120,22113,49233,41738,34449
Sep 2013,539451,101350,56087,79181,1918,16213,794200,29771,19013,48784,1540,12311,13851,62635,38622,30090,21757,51847,26460,29627
Oct 2013,474665,95766,68304,106072,9410,9711,763928,25354,16742,42096,503,8916,9419,51515,31632,29544,20496,50040,36678,31626
Nov 2013,570152,92615,79557,57921,2584,12071,814900,28022,20305,48327,854,9154,10008,58335,36592,29529,19584,49113,45811,33746
Dec 2013,491736,97637,72658,62897,6351,11895,743174,27834,16318,44152,1134,11066,12200,56352,34904,35636,17020,52656,43916,28742
Jan 2014,539248,62110,72486,71455,1139,17203,763641,29266,17582,46848,737,12428,13165,60013,37425,23416,9905,33321,47820,24666
Feb 2014,464302,67528,62531,68713,7144,10368,680586,24584,16462,41046,991,14386,15377,56423,35241,21403,14337,35740,34907,27624
Mar 2014,505715,107909,81549,77568,9741,16375,798587,25817,17659,43476,1571,7045,8616,52092,32556,28997,25476,54473,42405,39144
Apr 2014,612618,104866,81510,70904,16492,14457,900847,32393,20507,52900,1249,10378,11627,64527,40557,27895,25537,53432,43582,37928
May 2014,550785,112498,82643,70257,3476,19376,839035,29873,19434,49307,2017,14019,16036,65343,41236,29625,29521,59146,44421,38222
Jun 2014,565331,103618,71062,74166,3429,14831,832437,31719,18364,50083,1386,14468,15854,65937,42661,25701,26892,52593,34162,36900
Jul 2014,583661,106499,82689,95287,4069,19407,891612,33296,19667,52963,422,14823,15245,68208,43457,33094,20975,54069,53167,32106
Aug 2014,566941,89897,57230,47335,1315,15707,778425,33442,18085,51527,979,16688,17667,69194,42885,27567,19701,47268,32412,24818
Sep 2014,558230,93848,62796,68038,2866,17121,802899,32675,18049,50724,897,17586,18483,69207,43575,25939,20753,46692,36651,26145
Oct 2014,595710,98995,71579,48891,13363,14061,842599,33666,20135,53801,1752,18499,20251,74052,46827,27732,22826,50558,41076,30503
Nov 2014,491612,104714,56477,45003,2199,8159,708164,27405,17004,44409,1042,14558,15600,60009,37378,33108,20570,53678,35756,20721
Dec 2014,590397,99976,79324,52378,3667,11511,837253,33248,18706,51954,417,12763,13180,65134,40612,27279,22819,50098,56309,23015
Jan 2015,515193,71997,59109,44370,2253,11342,704264,28592,16479,45071,486,14123,14609,59680,38214,25838,12414,38252,43981,15128
Feb 2015,489222,84560,57240,76639,3645,10455,721761,25772,16171,41943,923,10326,11249,53192,33597,28611,14041,42652,40238,16833
Mar 2015,661533,108782,84478,35919,3017,19417,913146,36684,20413,57097,2896,17779,20675,77772,49971,44180,12856,57036,52276,32202
Apr 2015,535665,103882,83838,64695,3627,15012,806719,27759,18325,46084,1872,10908,12780,58864,37423,36106,15830,51936,52369,31469
May 2015,634982,81430,68650,52760,2967,24654,865443,34653,19680,54333,1851,17360,19211,73544,46672,30078,12199,42277,44988,23662
Jun 2015,663948,85551,64165,41175,2488,12452,869779,39362,20170,59532,1708,18404,20112,79644,49816,29093,15242,44335,41225,22940
Jul 2015,561372,98996,67185,46106,3157,20604,797420,35513,17124,52637,456,23436,23892,76529,47865,37319,16186,53505,43627,23558
Aug 2015,600924,96205,69502,75017,2095,16838,860581,39067,19273,58340,1400,26409,27809,86149,52667,33750,16648,50398,42129,27373
Sep 2015,516663,90904,48112,58470,1540,13945,729634,33575,16355,49930,1333,19715,21048,70978,43338,31161,15065,46226,29224,18888
Oct 2015,555365,83458,53172,83090,2413,11088,788586,33636,18893,52529,712,18076,18788,71317,43186,31355,12834,44189,32730,20442
Nov 2015,588560,113544,56616,45956,2606,15877,823159,34286,20750,55036,770,12923,13693,68729,41958,42013,18611,60624,30781,25835
Dec 2015,554819,83590,48115,50431,1037,11379,749371,30911,18502,49413,1416,13087,14503,63916,39148,30114,13420,43534,28705,19410
Jan 2016,593778,76934,52384,71540,2808,10660,808104,34907,18373,53280,422,15414,15836,69116,42765,29958,9677,39635,33161,19223
Feb 2016,579892,82470,65766,63752,1215,16259,809354,33999,19969,53968,632,16548,17180,71148,43327,33698,10752,44450,40434,25332
Mar 2016,577353,89879,78907,59731,2513,17221,825604,31386,19297,50683,304,13913,14217,64900,40305,32397,15240,47637,50867,28040
Apr 2016,609217,82980,69745,66738,2143,14380,845203,33282,20326,53608,354,15222,15576,69814,43236,30598,12639,43237,41012,28733
May 2016,666259,107677,59490,59169,1488,13817,907900,38767,21085,59852,614,18257,18871,78723,48894,41622,15568,57190,40248,19242
Jun 2016,635668,92751,70554,29371,2706,11016,842066,39298,19395,58693,1060,18433,19493,78186,48112,34483,15487,49970,41900,28654
Jul 2016,588238,93974,63942,67391,1646,16111,831302,35664,18918,54582,750,19669,20419,75001,43293,36309,13308,49617,41198,22744
Aug 2016,610043,82204,48584,81329,1322,18210,841692,38266,19514,57780,271,20653,20924,78704,48718,34084,11869,45953,29481,19103
Sep 2016,562096,77734,42637,58836,2013,12336,755652,33059,18154,51213,85,17218,17303,68516,42418,30260,11419,41679,25704,16933
Oct 2016,605280,90103,47608,83478,2420,10834,839723,33389,22124,55513,456,12548,13004,68517,42094,37220,11528,48748,28940,18668
Nov 2016,646545,92175,46552,43796,10725,11257,851050,34554,21721,56275,89,14421,14510,70785,44154,38021,11627,49648,22080,18812
Dec 2016,672343,94573,54560,70226,3379,9116,904197,39316,13939,59255,124,17326,17450,76705,48207,40263,10120,50383,34014,20546
Jan 2017,712368,86326,48631,59621,862,14869,922677,40302,22516,62818,289,17921,18210,81028,50463,36613,9074,45687,21911,26720
Feb 2017,577863,72362,57506,51881,10972,10344,780928,33653,17362,51015,125,16608,16733,67748,42680,27485,12447,39932,32709,24797
Mar 2017,597988,100322,61597,68640,16700,11213,856460,33043,18930,51973,443,17493,17936,69909,44140,39475,14633,54108,35923,25674
Apr 2017,633151,89628,71496,47028,2211,14814,858328,36982,18824,55806,605,20666,21271,77077,47444,34684,13683,48367,41341,30155
May 2017,766360,89945,79875,51518,2036,18180,1007914,43411,22377,65788,488,20127,20615,86403,54358,35477,13681,49158,46264,33611
Jun 2017,682204,84664,61258,52607,1957,15181,897871,40581,20744,61325,1617,24623,26240,87565,53896,30914,13909,44823,34462,26796
Jul 2017,692646,95582,61901,67367,2418,15139,935053,42553,20266,62817,453,20207,20660,83477,51744,36988,12734,49722,40604,21297
Aug 2017,691559,93527,59475,69068,1212,13616,928457,43357,19692,63051,417,24915,25332,88381,54468,32735,20211,52946,35575,23900
Sep 2017,632541,82910,47191,56591,1319,11679,832231,39607,18514,58121,69,22393,22462,80583,49561,32451,11762,44213,25052,22139
Oct 2017,716312,102225,60055,47249,2570,18991,947402,41526,22930,64456,197,23738,23935,88391,54049,38667,16516,55183,41099,18956
Nov 2017,649688,83582,47969,57779,1638,9885,850541,37698,18631,56329,345,15663,16008,72337,45391,32668,11757,44425,30747,17222
Dec 2017,679395,105313,70992,41462,2706,19758,919626,41094,19788,60882,382,18317,18699,79581,48778,41147,15486,56633,51783,19209
Jan 2018,701139,71314,51671,65288,2007,10745,902164,43185,18663,61848,209,23865,24074,85922,52814,29600,8416,38016,33898,17773
Feb 2018,671746,83195,66668,46456,2267,14795,885127,40195,19211,59406,358,21125,21483,80889,50227,31059,12494,43553,41125,25543
Mar 2018,713631,95909,83235,70235,1188,14364,978562,42155,21197,63352,138,23487,23625,86977,53849,38026,12090,50116,57220,26015
Apr 2018,687267,91188,72114,54079,1234,19151,925033,38689,21248,59937,302,18691,18993,78930,48982,33591,16908,50499,46017,26097
May 2018,706141,109074,83402,51250,2176,11554,963597,43494,19552,63046,345,26761,27106,90152,55993,42030,19116,61146,59131,24271
Jun 2018,672205,96626,67627,49371,1061,15225,902115,42889,19133,62022,243,19496,19739,81761,49976,38397,15570,53967,43860,23648
Jul 2018,685467,102101,72416,31617,1697,15094,908392,45798,18567,64365,184,26293,26477,90842,55742,38268,17183,55451,50492,21924
Aug 2018,673225,120058,65024,54750,744,13051,926852,44141,18715,62856,263,27743,28006,90862,55268,45055,20226,65281,47073,17951
Sep 2018,645299,94979,54344,48984,177,12230,856013,41392,18810,60202,130,25226,25356,85558,52042,33957,19172,53129,40303,14041
Oct 2018,673405,93942,72847,41627,0,14467,896288,41608,19491,61099,46,24140,24186,85285,52194,35132,15449,50581,52568,20279
Nov 2018,654165,104187,62964,45291,615,12075,879297,42794,17581,60375,351,23709,24060,84435,50821,37029,20255,57284,45561,17403
Dec 2018,659988,106076,68133,47415,507,12450,894598,44195,16398,60593,19,19116,19135,79728,48289,40680,16858,57538,48222,19911
Jan 2019,672507,75017,65580,41474,1237,9493,865308,43869,15947,59816,54,25396,25450,85266,52885,28694,12940,41634,42540,23040
Feb 2019,654179,87641,74710,56274,1497,8519,882820,42287,18556,60843,379,23688,24067,84910,51226,32484,14188,46672,48979,25731
Mar 2019,727999,108240,96535,73148,770,11582,1018274,43700,20589,64289,153,31520,31673,95962,59006,39809,19243,59052,59828,36707
Apr 2019,719866,98641,98813,59362,1871,14540,993093,42984,20940,63924,186,28467,28653,92577,57668,35909,15891,51800,64881,33932
May 2019,758627,111793,86028,19638,1055,13217,990358,49342,19134,68476,356,25701,26057,94533,57978,42817,21146,63963,58331,27697
Jun 2019,648956,92162,67699,66046,1806,12101,888770,38839,20127,58966,65,24241,24306,83272,51253,37140,14579,51719,46892,20807
Jul 2019,723741,99728,90812,29803,1924,15523,961531,48806,19175,67981,288,30269,30557,98538,60232,36123,17630,53753,66036,24776
Aug 2019,698139,95151,64682,48359,1273,12920,920524,44878,19924,64802,120,22997,23117,87919,53854,36255,15918,52173,45141,19541
Sep 2019,690068,80994,58850,25848,1927,7416,865103,45026,20320,65346,588,29796,30384,95730,57864,32094,11969,44063,36188,22662
Oct 2019,696698,104230,65316,58336,1026,9757,935363,44150,20134,64284,932,25320,26252,90536,54957,43811,12407,56218,44642,20674
Nov 2019,660858,92590,71295,46237,1293,14146,886419,38915,20254,59169,370,22999,23369,82538,50314,34994,14649,49643,49919,21376
Dec 2019,644068,110432,66314,44675,2026,12102,879617,41429,17857,59286,184,22437,22621,81907,49778,46850,14074,60924,40139,26175
Jan 2020,729033,68067,52121,39908,1132,14334,904595,45268,20361,65629,418,24243,24661,90290,54685,26094,11085,37179,33969,18152
Feb 2020,600966,74470,46088,35184,321,9495,766524,36869,20049,56919,600,21593,22193,79112,47181,27966,11579,39545,27775,18313
Mar 2020,714039,95029,80941,45036,535,15344,950924,40522,21450,61972,94,20771,20865,82837,50023,35876,15221,51097,50783,30158
Apr 2020,698364,51012,65756,44768,1949,14397,876246,45258,15523,60781,19,29236,29255,90036,55944,20565,7502,28067,46141,19615
May 2020,602620,32006,53889,42755,602,16786,748658,37741,12955,50696,64,26767,26831,77527,48127,11758,5888,17646,37587,16302
Jun 2020,598809,39442,49376,34380,1013,10764,733784,36936,16164,53100,11,24794,24805,77905,47414,12623,7956,20579,31602,17774
Jul 2020,688311,58149,59653,27227,1808,13236,848384,46471,17528,63999,72,24187,24259,88258,52959,20648,11482,32130,35524,24129
Aug 2020,648850,75283,54419,43550,266,20514,842882,44303,18638,62941,106,23621,23727,86668,51429,30601,9383,39964,32766,21653
Sep 2020,658892,93214,45803,44559,1140,15791,859399,46057,17214,63271,13,28296,28309,91580,54966,33317,14134,47451,22786,23017
Oct 2020,784389,89707,55930,41236,1022,14747,987031,51651,23438,75089,1893,26718,28611,103700,60723,36855,9936,46791,32160,23770
Nov 2020,714401,91570,58669,44531,793,12977,922941,47148,21032,68180,726,24780,25506,93686,55799,34317,13842,48159,31989,26680
Dec 2020,716112,114004,67063,32591,1629,14956,946355,45041,22269,67310,40,22891,22931,90241,53057,47275,12518,59793,41232,25831
Jan 2021,675783,83824,62967,40926,766,14987,879253,43576,19904,63480,5,21681,21686,85166,50674,35356,9343,44699,34184,28783
Feb 2021,629125,55141,45822,74611,1542,7890,815458,38565,19564,58129,40,23291,23331,81460,48521,19026,10859,29885,28028,17794
Mar 2021,665053,110787,97146,90390,1155,19298,986870,38938,21736,60674,109,22864,22973,83647,49942,39195,18837,58032,59990,37156
Apr 2021,713205,65657,85405,59258,121,13793,937744,44530,21515,66045,18,19078,19096,85141,50895,23502,11170,34672,56172,29233
May 2021,751567,84489,87063,66727,933,18797,1012719,46049,24651,70700,58,23577,23635,94335,55257,28825,14531,43356,56856,30207
Jun 2021,719866,72934,75806,64428,1565,19179,953778,46319,21186,67505,50,27725,27775,95280,56529,22556,13758,36314,51300,24506
Jul 2021,594746,74718,70898,92575,1767,18458,853162,37626,19304,56930,186,17944,18130,75060,44798,27151,12370,39521,44782,26116
Aug 2021,716296,76586,80294,60769,698,22660,957303,47807,21466,69273,600,27074,27674,96947,57509,25598,13990,39588,53031,27263
Sep 2021,626618,58538,52944,71554,1415,16008,827077,41993,19227,61220,254,20842,21096,82316,48644,19071,10714,29785,33436,19508
Oct 2021,598302,55035,71697,67727,1280,25849,819890,35333,20705,56038,925,17963,18888,74926,44635,17256,10511,27767,48822,22875
Nov 2021,590541,57329,70238,88114,880,15542,822644,36154,19694,55848,507,15980,16487,72335,43413,16436,12897,29333,47122,23116
Dec 2021,746541,87640,82706,54107,1367,24675,997036,49438,22102,71540,296,20987,21283,96070,55006,28559,14726,43285,59535,23171
Jan 2022,565662,66142,70943,52221,745,23340,779053,37004,16445,53449,124,19204,19328,72777,43855,27047,6400,33447,48283,22660
Feb 2022,695709,59542,70089,71044,1534,16010,913928,41573,23697,65270,159,20472,20631,85901,50600,20215,10921,31136,45134,24955
Mar 2022,707479,80358,88772,47055,1892,24032,949588,43005,21294,64299,84,23462,23546,87845,52327,28407,11209,39616,62985,25787
Apr 2022,612985,70838,95963,95280,1189,24870,901125,38311,18892,57203,105,18143,18248,75451,44205,20943,10489,31432,61852,34111
May 2022,716771,77464,107699,41707,1952,24862,970455,45194,22171,67365,151,24687,24838,92203,54405,24434,16129,40563,75452,32247
Jun 2022,789674,78526,98446,71066,616,20575,1058903,51610,21665,73275,104,25424,25528,98803,59046,25882,13707,39589,68740,29706
Jul 2022,733981,62726,95838,64536,1758,21004,979843,50052,19269,69321,66,22731,22797,92118,54589,24314,8870,33184,63369,32469
Aug 2022,731143,73798,87514,110999,1182,22689,1027325,49444,19296,68740,62,30385,30447,99187,58635,27902,9311,37213,64824,22690
Sep 2022,635781,80308,78756,85433,763,23162,904203,42993,18777,61770,92,26243,26335,88105,52251,28960,10641,39601,57328,21428
Oct 2022,769911,61978,93965,69138,940,16876,1012808,50552,21520,72072,169,27617,27786,99858,58715,23020,8307,31327,68209,25756
Nov 2022,662936,55747,96320,73632,1521,17129,907285,42058,19634,61692,19,26222,26241,87933,52067,18760,7859,26619,73626,22694
Dec 2022,705531,88565,94640,49714,1388,17434,957272,44103,20549,64652,69,24519,24588,89240,52399,31063,11372,42435,72309,22331
Jan 2023,780335,72702,107506,66017,782,13328,1040669,49665,20342,70007,65,28894,28959,98966,58504,27991,6339,34330,78390,29116
Feb 2023,650117,49707,117710,61641,848,16565,896588,39893,20126,60019,483,25139,25622,85641,50718,18667,5103,23770,91744,25966
Mar 2023,699478,67957,100294,36345,752,13089,917915,38983,21678,60661,31,19883,19914,80575,48535,19983,12290,32273,75328,24966
Apr 2023,759772,68433,118778,61775,1487,18180,1028425,49338,20695,70033,1108,24492,25600,95633,56682,22545,8335,30880,88664,30114
May 2023,702707,64578,120964,75840,147,12721,976957,43866,18772,62638,395,29385,29780,92418,55636,20807,9459,30266,96668,24296
Jun 2023,719768,85105,115306,40248,1025,17175,978627,48921,17811,66732,163,28720,28883,95615,56615,26657,12288,38945,88689,26617
Jul 2023,728432,75397,137564,56040,897,16670,1014996,48468,18190,66677,132,28013,28145,94822,56369,24502,11542,36044,106233,31331
Aug 2023,740586,66283,100455,67109,835,12328,987596,49647,19945,69592,156,32959,33115,102707,60140,21898,8382,30280,69387,31068
Sep 2023,672668,64761,97393,55928,953,12702,904405,45112,17208,62320,74,27806,27880,90200,54136,22755,8172,30927,72705,24688
Oct 2023,822711,75616,100690,41723,1235,13512,1055487,54415,20349,74764,41,30015,30056,104820,61877,24613,11622,36235,77832,22858
Nov 2023,703540,70647,93137,55683,641,9799,933462,42676,19286,61962,36,25188,25224,87186,52257,26797,7629,34426,68615,24522
Dec 2023,737127,67874,105000,47981,773,14164,972919,47649,20006,67655,108,30165,30273,97928,57774,25891,6626,32517,81177,23823
Jan 2024,716599,56332,92259,62397,199,12551,940337,48142,17612,65754,119,24554,24673,90427,53358,23214,5064,28278,73349,92259
Feb 2024,727033,49220,86065,68283,2445,7767,940813,45641,19554,65195,140,27152,27292,92487,54106,17642,6174,23816,60863,25202
Mar 2024,624526,56133,87613,24701,783,12104,805860,37996,16699,54695,6,20398,20404,75099,44793,22886,3538,26424,67431,20182
Apr 2024,1822,0,0,0,0,0,1822,102,108,210,0,1843,1843,2053,1386,0,0,0,0,0
May 2024,50160,49448,59599,28176,1017,7301,195701,3201,1916,5117,0,4821,4821,9938,5985,17382,6763,24145,46663,12936
Jun 2024,178836,56663,75013,69945,1278,11363,393142,6881,9956,16837,1921,5882,7803,24640,13420,19204,6681,25885,59184,15829
Jul 2024,364582,83541,84935,67970,1144,13124,615296,19828,12593,32421,2821,3295,6116,38537,22346,34111,6053,40164,67503,17432
Aug 2024,575634,87955,88874,42215,553,15738,810969,37479,16551,54030,3383,12771,16154,70184,40975,26980,12693,39673,68858,20016
Sep 2024,600022,86008,66156,62312,1258,13768,829524,42751,13643,56394,211,27538,27749,84143,49289,34044,6967,41011,46829,19327
Oct 2024,526700,72803,56889,23489,417,7200,687498,37221,12053,49274,94,22839,22933,72207,42427,21364,9838,31202,45205,11684
Nov 2024,719903,112552,84434,71229,902,17902,1006922,44375,21030,65405,83,20478,20561,85966,50420,37713,7524,45237,65513,18921
Dec 2024,727972,107839,66784,48758,537,15307,967197,48036,18287,66323,16,29195,29211,95534,55644,27943,9761,37704,51287,15497
